Assembly Accession	Organism Name	Assembly Stats Total Sequence Length	CheckM completeness	CheckM contamination	Annotation Count Gene Total
GCF_002813755.1	Enterococcus mundtii	3504528	99.15	1.38	3262
GCF_900474605.1	Enterococcus cecorum	2421598	95.1	0.8	2453
GCF_002706745.1	Companilactobacillus farciminis KCTC 3681 = DSM 20184	2551839	99.13	3.27	2545
GCF_019931005.1	Granulicatella adiacens	1965420	99.6	0.06	1942
GCF_001543285.1	Aerococcus viridans	2199877	98.26	0.66	2064
GCF_001543105.1	Aerococcus christensenii	1634920	74.68	3.13	1587
GCF_001936335.1	Amylolactobacillus amylophilus DSM 20533 = JCM 1125	1610352	98.04	5.09	1685
GCF_003606365.2	Companilactobacillus zhachilii	2714973	99.05	2.4	2546
GCF_001971585.1	Companilactobacillus allii	2534178	98.94		2568
GCF_014058425.1	Companilactobacillus pabuli	2497143	99.13	1.31	2437
GCF_004359375.1	Acetilactobacillus jinshanensis	1616430	91.98	1.33	1602
GCF_013267415.1	Abiotrophia defectiva	2046826	94.82	1.1	1897
GCF_001543175.1	Aerococcus urinae	1974262	97.67	2.68	1807
GCF_000493735.1	Carnobacterium inhibens subsp. gilichinskyi	2497115	97.46	2.2	2400
GCF_002849895.1	Companilactobacillus alimentarius DSM 20249	2401923	99	1.31	2344
GCF_002197645.1	Enterococcus wangshanyuanii	4155954	98.47	4.16	4214
GCF_000831645.3	Companilactobacillus heilongjiangensis	2790548	98.97	1.82	2500
GCF_011397115.1	Enterococcus saigonensis	2844986	97.52	2.7	2765
GCF_001050475.1	Companilactobacillus ginsenosidimutans	2590556	98.47		2590
GCF_001543245.1	Aerococcus urinaehominis	1831400	82.61	8.94	1721
GCF_023380265.1	Bombilactobacillus folatiphilus	1637944	96.84		1627
GCF_023380245.1	Bombilactobacillus thymidiniphilus	1494436	98.51	0.33	1535
GCF_024029675.1	Fructilactobacillus carniphilus	1491353	99.03	0.16	1489
GCF_023380225.1	Apilactobacillus apisilvae	1550949	96.94		1577
GCF_024029435.1	Fructilactobacillus hinvesii	1465046	99.16	0.25	1494
GCF_024029335.1	Fructilactobacillus myrtifloralis	1458675	99.22	0.16	1471
GCF_024029775.1	Fructobacillus americanaquae	1414204	91.37	0.33	1389
GCF_024029915.1	Fructilactobacillus ixorae	1422963	98.89	0.16	1439
GCF_003627035.1	Apilactobacillus bombintestini	1289211	97.33	0.65	1241
GCF_009734005.1	Enterococcus faecium	2919198	99.61	0.31	2887
GCF_019343125.1	Enterococcus lactis	2728070	99.32	0.27	2669
GCF_000157355.2	Enterococcus casseliflavus EC20	3427276	97.19	1.94	3189
GCF_002278015.2	Enterococcus hirae	2845651	98.84	0.17	2580
GCF_002277935.1	Enterococcus durans	2988928	98.46	0.17	2816
GCF_949790605.1	Carnobacterium maltaromaticum	3502975	98.22	10.62	3238
GCF_019575995.1	Apilactobacillus kunkeei	1542216	97.66	1.31	1439
GCF_019175485.1	Enterococcus raffinosus	4255835	98.37	8.18	4126
GCF_002290025.1	Enterococcus thailandicus	2646250	96.85	0.81	2504
GCF_009496975.1	Fructilactobacillus sanfranciscensis	1310991	97.67	0.54	1410
GCF_013394005.1	Furfurilactobacillus rossiae	2795601	98	1.96	2638
GCF_001951175.1	Companilactobacillus crustorum	2316479	99.13	1.74	2291
GCF_001518795.1	Aerococcus urinaeequi	2054328	92.92	6.58	1923
GCF_006007945.1	Companilactobacillus futsaii	2648769	98.47	2.07	2680
GCF_023195815.2	Ignavigranum ruoffiae	1949382	97.78	1.09	1858
GCF_003343305.1	Enterococcus gilvus	3945324	98.37	5.85	3860
GCF_001703555.1	Carnobacterium divergens	2666320	98.22	4.77	2539
GCF_001702115.1	Fructilactobacillus lindneri	1389742	97.91	0.16	1411
GCF_002847845.2	Globicatella sanguinis	2622382	98.85	1.67	2318
GCF_022846515.1	Enterococcus innesii	3598496	99.61	0.56	3378
GCF_003522965.1	Bombilactobacillus bombi	1842084	98.7	0.33	1769
GCF_024029595.1	Fructilactobacillus cliffordii	1457211	98.94	0.16	1464
GCF_001465345.1	Enterococcus rotai	3746111	95.8	3.46	3352
GCF_003263915.2	Dolosigranulum pigrum	1890416	98.31	0.83	1818
GCF_001434985.1	Companilactobacillus paralimentarius DSM 13238 = JCM 10415	2548273	99.13	2.21	2530
GCF_001885995.1	Enterococcus italicus DSM 15952	2322207	96.99	2.14	2321
GCF_900102725.1	Carnobacterium viridans	2762327	98.22	4.28	2760
GCF_900115825.1	Desemzia incerta	2330788	98.48	3.86	2229
GCF_001730315.1	Enterococcus ureilyticus	3472706	98.57	3.21	3315
GCF_001832885.1	Floricoccus penangensis	2049722	98.13	1.45	2092
GCF_003573535.1	Companilactobacillus formosensis	2469957	99.13	2.07	2450
GCF_007991315.1	Alkalibacterium pelagium	2617530	98.43	4.08	2447
GCF_007988845.1	Alkalibacterium putridalgicola	2588643	97.17	5.02	2435
GCF_000745125.1	Carnobacterium jeotgali MS3	2518244	97.72	1.27	2478
GCF_001592065.1	Companilactobacillus nodensis DSM 19682 = JCM 14932 = NBRC 107160	2682447	99.13		2707
GCF_000407225.1	Enterococcus columbae DSM 7374 = ATCC 51263	2545099	95.35		2376
GCF_000421665.1	Bavariicoccus seileri WCC 4188	2242440	94.37	0.33	2156
GCF_000744185.1	Carnobacterium funditum DSM 5970	2352439	97.93	2.03	2234
GCF_000407205.1	Enterococcus villorum ATCC 700913	3060724	97.63	0.19	2874
GCF_000407605.1	Enterococcus sulfureus ATCC 49903	2301651	96.31	0.9	2266
GCF_000301035.1	Facklamia hominis CCUG 36813	1897623	97.36	0.17	1780
GCF_000393975.1	Enterococcus pallens ATCC BAA-351	5490614	97.14	9.32	5318
GCF_000394035.1	Enterococcus phoeniculicola ATCC BAA-412	3931286	98.84	2.76	3570
GCF_000406945.1	Enterococcus dispar ATCC 51266	2822228	97.91	1.98	2714
GCF_001544295.1	Enterococcus pseudoavium NBRC 100491	2731874	97.32	4.55	2670
GCF_900177385.1	Carnobacterium iners	2571353	97.97	3.34	2441
GCF_001730295.1	Enterococcus plantarum	3135404	97.41	1.69	3004
GCF_001886195.1	Enterococcus ratti	2485659	92.82	0.13	2377
GCF_002872255.1	Companilactobacillus nuruki	2582291	99.13	2.14	2604
GCF_007988865.1	Alkalibacterium kapii	1991267	97.84	2.03	1862
GCF_000744375.1	Carnobacterium gallinarum DSM 4847	4041428	98.22	10.16	3865
GCF_000744285.1	Carnobacterium pleistocenium FTR1	2662616	98.98	2.2	2639
GCF_000744825.1	Carnobacterium mobile DSM 4848	2632867	99.24	2.54	2546
GCF_000407365.1	Enterococcus asini ATCC 700915	2572706	95.88	2.3	2504
GCF_000407285.1	Enterococcus saccharolyticus subsp. saccharolyticus ATCC 43076	2604038	96.64	3.8	2631
GCF_000394015.1	Enterococcus moraviensis ATCC BAA-383	3601841	98.7	3.61	3382
GCF_000394055.1	Enterococcus caccae ATCC BAA-1240	3559587	98.88	2.1	3301
GCF_000393995.1	Enterococcus haemoperoxidus ATCC BAA-382	3580916	99.73	3.68	3268
GCF_000245795.1	Facklamia languida CCUG 37842	1717767	99.25	0.18	1589
GCF_000374325.1	Allofustis seminis DSM 15817	1441290	98.73	0.25	1472
GCF_000162475.2	Granulicatella elegans ATCC 700633	1743361	89	1.39	1634
GCF_000313915.1	Catellicoccus marimammalium M35/04/3	1285866	86.74	0.59	1262
GCF_001434295.1	Companilactobacillus versmoldensis DSM 14857 = KCTC 3814	2373204	99.13	0.89	2336
GCF_900167405.1	Globicatella sulfidifaciens DSM 15739	2217574	98.72		2009
GCF_000315445.1	Alloiococcus otitis ATCC 51267	1806596	96.79	1.57	1675
GCF_000526675.1	Atopobacter phocae ATCC BAA-285	1666387	95.75	0.3	1659
GCF_000429585.1	Atopococcus tabaci DSM 17538	2267201	97.93	0.25	2377
GCF_900604485.1	Enterococcus mediterraneensis	2699190	98.07	2.2	2680
GCF_900240275.1	[Lactobacillus] timonensis	1678325	99.78	0.65	1647
GCF_900104595.1	Enterococcus timonensis	2123933	83.97	2.03	2054
GCF_004117915.1	Companilactobacillus metriopterae	1500957	97.42		1569
GCF_018437225.1	Fructobacillus papyriferae	1264930	87.27		1274
GCF_018437235.1	Fructobacillus papyrifericola	1296716	87.24	0.65	1313
GCF_019218635.1	Enterococcus alishanensis	3731072	92.73	3.58	3663
GCF_001730285.1	Enterococcus ureasiticus	3585398	98.96	2.67	3335
GCF_001050095.1	Enterococcus massiliensis	2712841	96.91	3.36	2692
GCF_000967245.1	Bombilactobacillus mellis	1810599	98.89	0.33	1724
GCF_000633635.1	Enterococcus crotali	3902091	88.68	2.05	3772
GCF_003946605.1	Companilactobacillus baiquanensis	2237367	98.94	1.14	2196
GCF_001544375.1	Enterococcus canis NBRC 100695	2854214	95.58	1.45	2821
GCF_026948345.1	Dellaglioa carnosa	1617235	96.98	0.65	1586
GCF_017830045.1	Enterococcus larvae	4163499	92.99	3.48	3950
GCF_001730365.1	Enterococcus quebecensis	3162767	98.49	2.95	2895
GCF_002994005.1	Apilactobacillus quenuiae	1575214	96.94		1596
GCF_023893635.1	Fructobacillus apis	1292712	87.3	0.16	1285
GCF_002179915.1	Companilactobacillus bobalius	2885890	98.8	2.65	2867
GCF_900108455.1	Fructobacillus pseudoficulneus	1413564	92.48	0.49	1388
GCF_013385145.1	Bombilactobacillus apium	1712546	92.85	0.65	1745
GCF_019656215.1	Apilactobacillus zhangqiuensis	1445942	97.58	1.09	1360
GCF_001885945.1	Enterococcus hermanniensis	2613534	96.82	3.11	2622
GCF_005405365.1	Enterococcus xiangfangensis	2652541	96.44	4.91	2619
GCF_003946505.1	Companilactobacillus mishanensis	2348649	99.13	0.24	2274
GCF_001832905.1	Floricoccus tropicus	2157756	98.13	2.28	2248
GCF_003967595.1	Companilactobacillus musae	2357792	98.47	1.74	2319
GCF_019061205.1	Apilactobacillus waqarii	1490797	93.28	0.98	1415
GCF_000970795.1	Bombilactobacillus mellifer	1815047	98.4	0.65	1733
GCF_001436605.1	Holzapfeliella floricola DSM 23037 = JCM 16512	1289346	96.14	1.31	1303
GCF_001886275.1	Enterococcus termitis	4127488	98.57	2.67	3949
GCF_005405205.1	Enterococcus pingfangensis	2017363	87.35	2.2	1961
GCF_014635985.1	Enterococcus alcedinis	2686367	90.42	1.71	2532
GCF_018437275.1	Fructobacillus broussonetiae	1265753	88.03	0.16	1297
GCF_900112405.1	Fructobacillus durionis	1327392	92	0.65	1323
GCF_001435445.1	Companilactobacillus kimchii DSM 13961 = JCM 10707	2746576	98.8	3.46	2668
GCF_900176325.1	Aerococcus suis	1382195	76.59	4.35	1360
GCF_004309355.1	Enterococcus florum	3994908	96.37	9.02	3878
GCF_001885765.1	Enterococcus aquimarinus	2512430	91.24	1.64	2382
GCF_900112455.1	Alkalibacterium subtropicum	2491452	97.34	4.75	2343
GCF_003096575.1	Convivina intestini	1600079	91.63	0.08	1609
GCF_005405485.1	Enterococcus hulanensis	4746262	97.98	8.82	4561
GCF_023218935.1	Fructobacillus cardui	1562837	88.38	0.33	1684
GCF_018437265.1	Fructobacillus parabroussonetiae	1215860	88.25		1238
GCF_003946725.1	Agrilactobacillus yilanensis	2825702	98.83	2.48	2688
GCF_001886225.1	Enterococcus silesiacus	3915391	99.47	4.02	3693
GCF_005405345.1	Enterococcus viikkiensis	2545311	92.77	3.73	2465
GCF_005405265.1	Enterococcus songbeiensis	2271847	93.44	1.94	2274
GCF_005404815.1	Companilactobacillus huachuanensis	3023058	99.13	2.4	2695
GCF_003946625.1	Companilactobacillus kedongensis	2272157	98.94	1.35	2228
GCF_900111355.1	Isobaculum melis	2821134	97.29	9.26	2772
GCF_003946575.1	Companilactobacillus jidongensis	2707861	99.13	0.22	2710
GCF_003003275.1	Alkalibacterium olivapovliticus	2826533	98.05	4.16	2739
GCF_001434555.1	Amylolactobacillus amylotrophicus DSM 20534	1548566	98.04	1.39	1611
GCF_001436375.1	Agrilactobacillus composti DSM 18527 = JCM 14202	3467402	98.53	2.72	3393
GCF_003946205.1	Companilactobacillus keshanensis	2301243	98.59	1.35	2277
GCF_003946555.1	Companilactobacillus hulinensis	2632694	99.13	0.08	2539
GCF_001434665.1	Companilactobacillus tucceti DSM 20183	2173857	98.29	1.35	2150
GCF_001742285.1	Enterococcus rivorum	3806353	96.97	3.07	3617
GCF_001438805.1	Companilactobacillus kimchiensis	2698724	99.13	2.94	2621
GCF_001435995.1	Apilactobacillus ozensis DSM 23829 = JCM 17196	1479955	97.11	0.98	1507
GCF_003946515.1	Companilactobacillus zhongbaensis	2644863	99.13	1.47	2486
GCF_021030645.1	Agrilactobacillus fermenti	2595905	95.48	2.61	2602
GCF_004745525.1	Companilactobacillus suantsaicola	2601643	99.13	1.39	2486
GCF_003946015.1	Companilactobacillus insicii	2536116	99.13	0.08	2456
GCF_005405245.1	Enterococcus nangangensis	1993687	78.49	2.46	1977
GCF_000518205.1	Hutsoniella sourekii ATCC 700629	2067037	98.46		2015
GCF_900129085.1	Atopostipes suicloacalis DSM 15692	2124342	98.08	2.27	2019
GCF_016909125.1	Enterococcus lemanii	2720315	87.37	2.05	2630
GCF_003946325.1	Companilactobacillus furfuricola	2644344	98.47	1.14	2599
GCF_900111135.1	Granulicatella balaenopterae	2135967	74.82	9.35	1979
GCF_019656235.1	Apilactobacillus xinyiensis	1453633	97.11	0.33	1495
GCF_900109085.1	Alkalibacterium gilvum	2181898	97.93	3.21	2157
GCF_007991935.1	Companilactobacillus nantensis	2895933	99.13	2.07	2792
GCF_900101165.1	Alkalibacterium thalassium	2364962	98.01	3.42	2343
GCF_007989765.1	Furfurilactobacillus siliginis	2038617	98.91	0.74	2059
GCF_007992055.1	Companilactobacillus mindensis	2285531	99.13	2.81	2241
GCF_001047075.2	Fructobacillus ficulneus	1552198	91.26	1.17	1592
GCF_000393015.1	Enterococcus faecalis EnGen0336	2870381	99.66	0.38	2745
GCF_003320875.1	Enterococcus gallinarum	3614506	94.87	10.84	3511
GCF_002891025.1	Enterococcus avium	4537641	98.37	9.23	4504
GCF_000814735.1	Fructilactobacillus fructivorans	1332231	98.04	0.27	1349
GCF_900143105.1	Carnobacterium alterfunditum	2548842	97.72	1.27	2401
GCF_016860625.1	Fructobacillus tropaeoli	1752368	91.59	0.52	1694
GCF_030127605.1	Dellaglioa algida	1683308	96.98	1.31	1660
GCF_027659535.1	Enterococcus malodoratus	4283354	98.37	10.87	4261
GCF_014489725.1	Fructobacillus fructosus	1383206	88.3		1445
GCF_000183205.1	Eremococcus coleocola ACS-139-V-Col8	1773745	98.4	0.23	1761
GCF_000512295.1	Fructilactobacillus florum 8D	1282634	97.58	0.16	1280
GCF_006493595.1	Apilactobacillus micheneri	1479398	96.94		1529
GCF_002847645.1	Falseniella ignava	1606080	98.29	1.15	1553
GCF_015863265.1	Facklamia lactis	2218655	92.86	6.86	2180
GCF_905113025.1	Aerococcus sanguinicola	2064531	87.5	8.07	1867
GCF_018917555.1	Enterococcus devriesei	3235596	91.82	6.26	3154
GCF_002269685.1	Enterococcus canintestini	2734830	96.72	2.48	2611
GCF_900100775.1	Facklamia miroungae	2028290	95.25	7.45	1953
GCF_009659415.1	Fundicoccus ignavus	2728496	93.44	3.21	2497
GCF_006493105.1	Apilactobacillus timberlakei	1585604	97.16	0.65	1631
GCF_029509535.1	Furfurilactobacillus milii	2576223	98	1.31	2466
GCF_009933255.1	Enterococcus diestrammenae	3159940	95.71	3.8	2953
GCF_016861895.1	Apilactobacillus nanyangensis	1538687	97.66	1.31	1467
GCF_001281175.1	Apilactobacillus apinorum	1460240	97.44	0.98	1384
GCF_009600995.1	Companilactobacillus halodurans	2534442	97.25	1.63	2489
GCF_002871685.1	Dolosicoccus paucivorans	1757345	95.85	0.17	1705
GCF_001888925.1	Lactobacillus delbrueckii subsp. jakobsenii ZN7a-9 = DSM 26046	1891796	99.19	1.51	1946
GCF_016026695.1	Lactococcus garvieae	2084337	94.67	9.5	2110
GCF_000829055.1	Lacticaseibacillus casei DSM 20011 = JCM 1134 = ATCC 393	2952961	87.42	1.33	2882
GCF_003641185.1	Lactiplantibacillus pentosus	3671373	99.35	1.88	3358
GCF_004101845.1	Latilactobacillus curvatus JCM 1096 = DSM 20019	1916521	98.69	0.74	1987
GCF_018314255.1	Lentilactobacillus buchneri	2537205	99.49	0.13	2463
GCF_016127255.1	Leuconostoc pseudomesenteroides	2114657	98.76	0.68	2127
GCF_000196855.1	Leuconostoc gasicomitatum LMG 18811	1954080	99.22		1973
GCF_024397795.1	Lactobacillus intestinalis	2038712	99.03	0.16	1924
GCF_000092505.1	Leuconostoc kimchii IMSNU 11154	2101787	98.25	0.06	2144
GCF_000785105.2	Lentilactobacillus curieae	2095860	99.35		2054
GCF_003955755.1	Jeotgalibaca ciconiae	2950593	99.32	3.13	2770
GCF_006965445.1	Lactococcus protaetiae	2696018	83.84	2.08	2628
GCF_003627095.1	Lactococcus allomyrinae	2758410	94.07	1.9	2681
GCF_011100465.1	Jeotgalibaca arthritidis	2348096	98.66	3.98	2355
GCF_011299095.1	Jeotgalibaca porci	2350884	97.12	2.07	2370
GCF_006770285.1	Lactococcus paracarnosus	2265140	89.85	2.99	2247
GCF_006770265.1	Lactococcus carnosus	2156377	89	3.86	2102
GCF_002762335.1	Lactobacillus terrae	1548794	97.34	0.16	1626
GCF_020616595.1	Lentilactobacillus laojiaonis	1242019	96.51	0.41	1286
GCF_009913655.1	Lactiplantibacillus plantarum	3223643	99.02	1.72	3027
GCF_000155515.2	Lacticaseibacillus paracasei subsp. paracasei 8700:2	3025352	99.09	0.74	2953
GCF_020463755.1	Lactococcus lactis	2426597	99.27	0.51	2391
GCF_006151905.1	Lacticaseibacillus rhamnosus	2941522	98.77	0.75	2733
GCF_003813165.1	Levilactobacillus brevis	2529623	98.46	3.45	2479
GCF_000468955.1	Lactococcus cremoris subsp. cremoris KW2	2427048	99.86	1.11	2359
GCF_000389675.2	Lactobacillus acidophilus La-14	1991579	96.77	0.51	1925
GCF_009913915.1	Leuconostoc mesenteroides	2058732	99.48	2.31	2082
GCF_014058685.1	Lactobacillus johnsonii	1951416	95.35	0.81	1875
GCF_009769205.1	Lactobacillus crispatus	2039404	95.69	3.56	2031
GCF_009676365.1	Latilactobacillus sakei	2018071	98.69		2027
GCF_007954785.1	Leuconostoc citreum	1903250	99.61	1.11	1948
GCF_023499275.1	Lactococcus petauri	2106259	100	1.4	2056
GCF_029025825.1	Lactiplantibacillus paraplantarum	3245144	99.02	2.15	3040
GCF_000194115.1	Lactobacillus amylovorus GRL1118	1977087	97.04	0.38	2015
GCF_005886075.1	Lactobacillus paragasseri JV-V03	2030305	97.9	0.16	2003
GCF_007954605.1	Leuconostoc lactis	1791608	99.31	1.49	1820
GCF_008831485.1	Lactobacillus acetotolerans	1683905	97.98	0.7	1658
GCF_001936235.1	Lactobacillus jensenii	1672949	97.6	1.44	1637
GCF_014656585.1	Lactobacillus kefiranofaciens	2173634	98.39	0.16	2159
GCF_009832765.1	Lentilactobacillus hilgardii	3190226	99.35	0.65	3053
GCF_009739535.1	Lentilactobacillus kefiri	2489034	99.35	0.33	2423
GCF_007954525.1	Leuconostoc carnosum	1701333	98.8		1735
GCF_014879295.1	Lentilactobacillus parabuchneri	2530379	98.96	0.65	2373
GCF_003999355.1	Lactobacillus amylolyticus	1601193	98.87	0.81	1675
GCF_002310475.1	Lactococcus raffinolactis	2292235	91.25	4.42	2283
GCF_000298875.1	Leuconostoc gelidum JB7	1893499	97.6	0.31	1879
GCF_018363075.1	Lacticaseibacillus chiayiensis	2855405	97.28		2738
GCF_003150935.1	Lactobacillus apis	1683102	97.74	0.32	1562
GCF_900492555.1	Lacticaseibacillus zeae	3073411	99.35	0.76	2895
GCF_900116935.1	Ligilactobacillus acidipiscis	2607423	98.37	0.87	2450
GCF_014069315.1	Levilactobacillus suantsaii	2661801	98.69	0.65	2568
GCF_016647595.1	Lactobacillus ultunensis	2246389	99.03	0.81	2213
GCF_017068355.1	Lactococcus taiwanensis	1995099	97	0.71	1967
GCF_001050435.1	Levilactobacillus koreensis	3006812	99.35	0.74	2694
GCF_019469265.1	Lactobacillus panisapium	2188116	97.74	0.4	2072
GCF_003151025.1	Lactobacillus kullabergensis	2018944	97.74	0.48	1896
GCF_017894345.1	Lactobacillus taiwanensis	2041763	98.71	0.34	2041
GCF_003173695.1	Lactobacillus helsingborgensis	1867232	98.06	0.65	1757
GCF_008831385.1	Lapidilactobacillus dextrinicus	1836976	98.47	1.52	1810
GCF_009025875.1	Latilactobacillus graminis	1807083	96.41	0.08	1777
GCF_009556455.1	Lactobacillus iners	1363099	99.56	0.4	1313
GCF_009295845.1	Levilactobacillus zymae	2825994	99.24	0.65	2632
GCF_009184845.1	Lacticaseibacillus manihotivorans	3458698	98.43	0.76	3448
GCF_900258455.1	Latilactobacillus fuchuensis	2045293	97.72	1.31	1977
GCF_007991855.1	Lactiplantibacillus argentoratensis	3128971	99.35	1.39	2991
GCF_018403745.1	Lactococcus formosensis	2117277	99.58	2.18	2082
GCF_001434815.1	Lactobacillus equicursoris DSM 19284 = JCM 14600 = CIP 110162	2052598	99.03	0.65	2034
GCF_004354645.1	Leuconostoc fallax	1660517	97.28	1.83	1703
GCF_007992015.1	Levilactobacillus namurensis	2455734	100		2276
GCF_001591865.1	Lacticaseibacillus pantheris DSM 15945 = JCM 12539 = NBRC 106106	2478657	98.8	1.17	2313
GCF_002916915.1	Lactobacillus bombicola	1671437	97.42	0.16	1642
GCF_001434145.1	Lentilactobacillus otakiensis DSM 19908 = JCM 15040	2346188	98.86		2306
GCF_002441885.1	Lactococcus chungangensis CAU 28 = DSM 22330	2203491	90.19	3.3	2224
GCF_001436555.1	Lentilactobacillus senioris DSM 24302 = JCM 17472	1566789	99.35	1.06	1625
GCF_001434835.1	Levilactobacillus acidifarinae DSM 19394	2918319	99.18	0.65	2816
GCF_000297025.1	Lactobacillus pasteurii DSM 23907 = CRBIP 24.76	1905398	98.39	0.16	1883
GCF_001434705.1	Lacticaseibacillus nasuensis JCM 17158	2280237	98.8	0.95	2248
GCF_001437465.1	Lacticaseibacillus saniviri JCM 17471 = DSM 24301	2435824	98.26	0.54	2511
GCF_001434135.1	Lentilactobacillus kisonensis DSM 19906 = JCM 15041	3006215	99.35		2812
GCF_001436255.1	Lentilactobacillus rapi DSM 19907 = JCM 15042	2854844	99.02		2698
GCF_007115095.1	Levilactobacillus enshiensis	3065260	99.35	1.39	2930
GCF_000425905.1	Lactobacillus psittaci DSM 15354	1542852	98.06	0.16	1407
GCF_000425865.1	Lacticigenium naphthae DSM 19658	2134509	99.32	0.51	1995
GCF_001591745.1	Lactococcus plantarum NBRC 100936	1977763	89.96	2.82	1900
GCF_019656015.1	Leuconostoc inhae	1963716	99.13	1.17	1960
GCF_000296835.1	Lactobacillus hominis DSM 23910 = CRBIP 24.179	1928135	96.43	0.16	1934
GCF_001592085.1	Levilactobacillus senmaizukei DSM 21775 = NBRC 103853	2209656	98.37		2176
GCF_001434055.1	Levilactobacillus parabrevis ATCC 53295	2614213	99.35		2419
GCF_001436575.1	Lactobacillus gigeriorum DSM 23908 = CRBIP 24.85	1906034	98.39	0.16	1922
GCF_020180945.1	Lacticaseibacillus kribbianus	2794094	92.97	0.44	2616
GCF_013407595.1	Lacticaseibacillus absianus	2843141	93.97	1.25	2748
GCF_013184075.1	Lentilactobacillus kribbianus	1509660	92.63	1.06	1563
GCF_005405385.1	Lactiplantibacillus mudanjiangensis	3289607	99.02	1.17	3245
GCF_003124125.1	Levilactobacillus bambusae	1966274	98.69	0.75	1987
GCF_003864335.1	Lentilactobacillus kosonis	1971719	64.25	1.06	2237
GCF_002260845.1	Lactococcus reticulitermitis	2169598	89.48	4.41	2167
GCF_001436115.1	Lacticaseibacillus brantae DSM 23927	1929842	99.02		1938
GCF_008107645.1	Leuconostoc litchii	1865857	99.91	0.62	1875
GCF_905332535.1	Latilactobacillus fragifolii	1957595	98.69		2000
GCF_016860605.1	Lentilactobacillus fungorum	2917093	99.35		2704
GCF_018403765.1	Lactococcus nasutitermitis	2189889	92.25	1.65	2161
GCF_001436135.1	Lacticaseibacillus thailandensis DSM 22698 = JCM 13996	2060676	98.8	0.98	1916
GCF_005405005.1	Lactiplantibacillus daoliensis	2632925	99.35	0.74	2463
GCF_016861655.1	Levilactobacillus lanxiensis	3029779	99.29	0.87	2752
GCF_019972835.1	Lactobacillus laiwuensis	2053477	97.74	0.3	1963
GCF_019656055.1	Leuconostoc miyukkimchii	1913501	99.22	0.94	1914
GCF_001437205.1	Lactobacillus selangorensis	2086969	98.15	0.98	2133
GCF_019655995.1	Leuconostoc holzapfelii	1755314	99.13	0.83	1763
GCF_003946115.1	Lacticaseibacillus daqingensis	2738087	98.31	1.58	2684
GCF_003946145.1	Levilactobacillus huananensis	2290968	99.35		2198
GCF_003946045.1	Levilactobacillus mulengensis	3110930	99.29	0.87	2846
GCF_009687905.1	Lacticaseibacillus zhaodongensis	2444625	99.16	1.06	2264
GCF_003116835.1	Lactococcus termiticola	1734781	91.91	0.73	1693
GCF_003946305.1	Lacticaseibacillus porcinae	2838071	99.35	0.84	2732
GCF_018327645.1	Lactobacillus corticis	1805525	98.39	0.16	1797
GCF_005405425.1	Lactiplantibacillus modestisalitolerans	2749234	99.02	1.72	2519
GCF_900411375.1	Lentilactobacillus raoultii	3070030	98.69	0.33	2891
GCF_019656095.1	Leuconostoc rapi	1923217	98.85	1.81	1952
GCF_005405065.1	Lactiplantibacillus nangangensis	2901270	99.02	0.74	2770
GCF_017874575.1	Lactobacillus colini	2222530	93.74	0.16	2183
GCF_016861695.1	Levilactobacillus andaensis	3046330	99.02	0.08	2814
GCF_003946645.1	Lapidilactobacillus wuchangensis	2533661	99.29	0.33	2333
GCF_025490915.1	Lacticaseibacillus parakribbianus	2820553	91.99	0.44	2613
GCF_003946545.1	Levilactobacillus tangyuanensis	2185757	98.69		2107
GCF_009601015.1	Lactococcus hircilactis	2563666	90.39	4.21	2592
GCF_002441655.1	Lactococcus fujiensis JCM 16395	2075869	92.97	3.89	2071
GCF_011170065.1	Lactococcus insecticola	1979452	88.34	2.63	1927
GCF_003946085.1	Levilactobacillus angrenensis	2797786	99.35	0.08	2642
GCF_003946345.1	Levilactobacillus tongjiangensis	2718164	99.35	0.65	2556
GCF_024622425.1	Lactobacillus rodentium	1505119	91.24	0.16	1477
GCF_019656075.1	Leuconostoc palmae	1385869	97.13	0.08	1420
GCF_016861845.1	Lacticaseibacillus suilingensis	2705176	99.35	1.5	2637
GCF_004745505.1	Levilactobacillus suantsaiihabitans	2870222	99.35	0.08	2577
GCF_003946395.1	Levilactobacillus fuyuanensis	2718279	99.02		2529
GCF_005405085.1	Lactiplantibacillus daowaiensis	2851257	89.54	0.65	2799
GCF_005405125.1	Lactiplantibacillus songbeiensis	3030001	99.02	2.04	2803
GCF_003946175.1	Lacticaseibacillus suibinensis	2560295	99.13	0.76	2581
GCF_001434435.1	Lactobacillus kitasatonis DSM 16761 = JCM 1039	1911334	99.03	0.16	1995
GCF_003946245.1	Levilactobacillus cerevisiae	3375178	99.29	1.08	3162
GCF_013449735.1	Lactococcus laudensis	2296468	89.09	3.8	2331
GCF_024718525.1	Levilactobacillus yiduensis	3024528	99.35	0.08	2866
GCF_003946095.1	Levilactobacillus lindianensis	2331658	99.29		2278
GCF_003946265.1	Levilactobacillus yonginensis	2693691	99.35	0.65	2491
GCF_003946655.1	Lapidilactobacillus achengensis	2639237	98.83	0.08	2534
GCF_005404945.1	Lactiplantibacillus pingfangensis	2895555	99.35	0.74	2728
GCF_002441695.1	Lactococcus piscium	2405003	90.45	3.86	2384
GCF_005405405.1	Lactiplantibacillus plajomi	2762064	99.02	1.06	2709
GCF_001436225.1	Lacticaseibacillus sharpeae JCM 1186 = DSM 20505	2444304	97.3	0.74	2401
GCF_003946485.1	Lacticaseibacillus jixianensis	2468902	99.18	1.03	2297
GCF_003946695.1	Lapidilactobacillus bayanensis	2430829	98.61	1.39	2281
GCF_001434395.1	Levilactobacillus hammesii DSM 16381	2815465	99.02	0.11	2611
GCF_001434255.1	Lentilactobacillus diolivorans DSM 14421	3261379	99.02	0.11	3073
GCF_024345185.1	Levilactobacillus humaensis	2370332	99.35		2247
GCF_943193185.1	Lactococcus ileimucosae	2259956	95.94	2.31	2154
GCF_001438845.1	Lactiplantibacillus xiangfangensis	2989578	99.02	1.72	2833
GCF_024345205.1	Lapidilactobacillus luobeiensis	2556416	98.94	0.33	2252
GCF_003946335.1	Levilactobacillus fujinensis	3007089	99.02	0.84	2793
GCF_024701915.1	Lactobacillus leichmannii	1820371	99.03	0.16	1832
GCF_004009905.1	Lactobacillus xujianguonis	2215780	99.68	0.16	2311
GCF_003946165.1	Lacticaseibacillus baoqingensis	2864583	98.69	1.61	2795
GCF_005405105.1	Lactiplantibacillus dongliensis	3107413	99.02	2.04	2906
GCF_943193025.1	Lactobacillus agrestimuris	1877841	97.53	0.16	1768
GCF_001436615.1	Lacticaseibacillus camelliae DSM 22697 = JCM 13995	2562179	98.15	1.17	2522
GCF_001434335.1	Lactobacillus kalixensis DSM 16043	2078190	99.03	0.81	2012
GCF_003946465.1	Lacticaseibacillus hegangensis	2501322	99.02	0.93	2484
GCF_003885105.1	Lactiplantibacillus garii	2972201	99.35	0.74	2898
GCF_003946405.1	Lacticaseibacillus yichunensis	2558704	98.51	0.63	2354
GCF_003946215.1	Lapidilactobacillus mulanensis	2318206	99.35	1.8	2132
GCF_004010095.1	Lacticaseibacillus hulanensis	2355647	92.4	1.72	2181
GCF_003946675.1	Lapidilactobacillus gannanensis	2393386	98.96	0.3	2232
GCF_001434515.1	Lactobacillus hamsteri DSM 5661 = JCM 6256	1837804	98.39	0.24	1821
GCF_001435875.1	Lentilactobacillus farraginis DSM 18382 = JCM 14108	2859511	99.35	0.33	2853
GCF_014202895.1	Lactovum miscens	1755291	93.2	1.18	1678
GCF_001437125.1	Levilactobacillus paucivorans	2362603	99.13		2316
GCF_943192955.1	Lactococcus muris	2215235	96.15	1.85	2112
GCF_003946025.1	Lacticaseibacillus songhuajiangensis	2605895	99.02	1.72	2395
GCF_007989025.1	Lapidilactobacillus concavus	1858186	99.35	0.16	1781
GCF_001039045.1	Lactiplantibacillus herbarum	2899876	96.16	2.37	2840
GCF_011170085.1	Lactococcus hodotermopsidis	2297451	85.85	2.79	2228
GCF_003053085.1	Lactobacillus helveticus	2055814	98.95	0.12	2242
GCF_008868535.1	Lactobacillus gasseri	1873142	99.62	0.27	1862
GCF_900289205.1	Leuconostoc suionicum	2069029	98.71	0.12	2078
GCF_000965255.1	Levilactobacillus spicheri	2855212	99.35		2673
GCF_001263715.1	Jeotgalibaca dankookensis	2034570	98.6	2.57	2083
GCF_002276885.1	Lentilactobacillus parakefiri	2495148	99.02	0.02	2456
GCF_002160635.1	Lactobacillus gallinarum	2020091	99.03	0.16	2083
GCF_005864225.1	Lentilactobacillus parafarraginis	2963205	98.96	0.22	2896
GCF_000565485.1	Lactiplantibacillus fabifermentans T30PCM01	3580413	99.02	1.96	3432
GCF_000970775.1	Lactobacillus melliventris	2116151	97.74	0.99	2039
GCF_019972855.1	Lactobacillus huangpiensis	1897085	97.74	0.16	1853
GCF_001766745.1	Lentilactobacillus sunkii	2794637	98.8		2720
GCF_000970755.1	Lactobacillus kimbladii	2186983	97.74	0.78	2042
GCF_026184115.1	Lactobacillus mulieris	1742939	98.71	0.23	1668
GCF_016861585.1	Levilactobacillus wangkuiensis	3071270	99.29	0.87	2816
GCF_016861765.1	Lacticaseibacillus mingshuiensis	2790662	98.51	0.63	2555
GCF_009695985.1	Lactobacillus porci	2188901	98.67	0.16	2130
GCF_022509905.1	Levilactobacillus tujiorum	2586339	93.48	0.02	2455
GCF_025211425.1	Leuconostoc falkenbergense	2149262	98.8		2207
GCF_016587815.1	Lactobacillus nasalidis	2362923	97.44	2.26	2691
GCF_900637025.1	Streptococcus oralis ATCC 35037	1931548	99.32	0.09	1868
GCF_900475975.1	Streptococcus intermedius	1932951	99.32	0.14	1921
GCF_002706425.1	Loigolactobacillus coryniformis subsp. coryniformis KCTC 3167 = DSM 20001	2951508	98.35	4.6	2855
GCF_021654455.1	Streptococcus parasuis	2197342	99.61	0.77	2205
GCF_900475445.1	Streptococcus cristatus ATCC 51100	2000351	99.61		1987
GCF_900475675.1	Streptococcus lutetiensis	1793521	99.49	0.06	1823
GCF_016127275.1	Streptococcus infantarius	1958742	97	1.18	2032
GCF_002982135.1	Pediococcus inopinatus	2312041	91.9	9.73	2331
GCF_000829395.1	Paucilactobacillus hokkaidonensis JCM 18461	2400586	99.29	1.63	2388
GCF_003627135.1	Streptococcus koreensis	2009598	100	0.19	1936
GCF_004102045.2	Oenococcus sicerae	1664394	89.87	2.52	1703
GCF_900187085.1	Streptococcus merionis	2384128	99.54	0.39	2221
GCF_900475025.1	Streptococcus ferus	1872314	99.87		1904
GCF_004358325.1	Periweissella cryptocerci	3020651	97.26	1.45	2758
GCF_003086355.1	Streptococcus chenjunshii	2443046	99.61	0.06	2311
GCF_001623565.1	Streptococcus marmotae	2322791	98.62	0.39	2279
GCF_001708305.1	Streptococcus himalayensis	2275471	99.77	0.26	2160
GCF_001642085.1	Streptococcus pantholopis	2241302	99.23	0.26	2114
GCF_018137985.1	Streptococcus oriscaviae	2197335	98.84		2206
GCF_001598035.1	Streptococcus halotolerans	2182100	97.97	0.77	2046
GCF_018127725.1	Streptococcus lactarius	2144372	99.81	0.27	2067
GCF_003627155.1	Streptococcus gwangjuense	1972481	99.85	0.06	1943
GCF_003963555.1	Streptococcus periodonticum	1903815	99.87	0.68	1875
GCF_023380205.1	Nicoliella spurrieriana	2053587	97.16		1732
GCF_001552035.1	Streptococcus agalactiae	2079123	99.61	0.13	2077
GCF_029961225.1	Limosilactobacillus fermentum	2103331	96.39	3.04	2148
GCF_009738105.1	Streptococcus mutans	2028032	98.74	0.49	2002
GCF_000014505.1	Pediococcus pentosaceus ATCC 25745	1832387	98.74	0.59	1816
GCF_013127755.1	Pediococcus acidilactici	2044083	97.71	1.57	2008
GCF_900094615.1	Ligilactobacillus salivarius	2033361	97.04	1.8	2030
GCF_016128095.1	Streptococcus dysgalactiae	2174327	98.45	0.57	2169
GCF_020510245.1	Oenococcus oeni	1892074	99.02	0.89	1970
GCF_015689395.1	Streptococcus equi subsp. zooepidemicus	2154778	99.23	0.19	2058
GCF_001412635.1	Streptococcus anginosus	1924513	99.19	1.74	1954
GCF_013267695.1	Streptococcus gallolyticus	2258003	97.51	0.26	2265
GCF_901544385.1	Streptococcus gordonii	2185555	99.9		2111
GCF_003288115.1	Ligilactobacillus murinus	2290452	99.05		2292
GCF_000224985.1	Ligilactobacillus ruminis ATCC 27782	2066652	97.06	0.44	2070
GCF_009933595.1	Ligilactobacillus animalis	1906794	98.99		1897
GCF_002900385.1	Streptococcus parauberis	2152278	98.62	1.22	2217
GCF_025311475.1	Ligilactobacillus agilis	2162388	98.37	0.44	2145
GCF_010993845.2	Streptococcus canis	2157617	100	0.39	2109
GCF_025311515.1	Limosilactobacillus vaginalis	1883554	99.35		1841
GCF_008694105.1	Schleiferilactobacillus harbinensis	3290626	97.53	1.82	3268
GCF_004843545.1	Streptococcus pasteurianus	2149841	100	0.1	2191
GCF_009184705.1	Liquorilactobacillus mali	2611959	97.66	0.65	2582
GCF_025311495.1	Limosilactobacillus oris	2007883	99.35	0.41	1984
GCF_001611155.1	Pediococcus damnosus	2173661	89.31	7.13	2081
GCF_027474505.1	Streptococcus alactolyticus	1832198	99.81	2.03	1850
GCF_001663675.1	Loigolactobacillus backii	2851935	99.33	3.92	2668
GCF_008876665.1	Limosilactobacillus frumenti	1752928	99.35		1755
GCF_009428965.1	Limosilactobacillus pontis	1714771	98.95		1735
GCF_001702155.1	Secundilactobacillus paracollinoides	3321356	98.28	1.31	3012
GCF_008033155.1	Secundilactobacillus malefermentans	2087401	98.47		2077
GCF_900636505.1	Streptococcus australis	2015375	85.88	4.39	1948
GCF_019774635.1	Streptococcus halichoeri	2026498	98.94		1894
GCF_001702215.1	Pediococcus claussenii	1950035	99.76	1.07	1947
GCF_900015005.1	Paucilactobacillus oligofermentans DSM 15707 = LMG 22743	1845483	98.69	0.11	1851
GCF_029889745.1	Ligilactobacillus faecis	2382213	98.94	0.49	2186
GCF_008632615.1	Paucilactobacillus nenjiangensis	2249893	99.35	0.98	2285
GCF_028607025.1	Limosilactobacillus portuensis	1990713	99.35	0.65	2017
GCF_019444005.1	Liquorilactobacillus nagelii DSM 13675	2563476	99.35	2.07	2567
GCF_019443985.1	Liquorilactobacillus hordei DSM 19519	2440903	98.04	0.08	2437
GCF_014898655.1	Limosilactobacillus mucosae	2140145	90.52		2027
GCF_003966875.1	Melissococcus plutonius	2067831	94.47		1777
GCF_009650015.1	Loigolactobacillus bifermentans	3274863	99.35	3.81	3233
GCF_000241055.1	Oenococcus kitaharae DSM 17330	1842238	98.16	0.07	1874
GCF_900459355.1	Streptococcus parasanguinis	2170501	99.49	0.25	2062
GCF_900459125.1	Streptococcus constellatus	1906855	99.49	0.58	1895
GCF_007989385.1	Marinilactibacillus psychrotolerans	2482538	97.29	1.78	2379
GCF_000187465.1	Streptococcus infantis ATCC 700779	1905984	99.19	0.48	1947
GCF_001437405.1	Pediococcus ethanolidurans	2260906	91.8	9.33	2195
GCF_007990205.1	Pediococcus parvulus	1968745	90.37	5.6	1929
GCF_007991295.1	Ligilactobacillus pobuzihii	2326724	98.37	0.87	2182
GCF_900459365.1	Streptococcus massiliensis	2033868	99.42	1.67	2054
GCF_000380005.1	Streptococcus didelphis DSM 15616	1877438	99.49	0.58	1844
GCF_001434365.1	Limosilactobacillus gastricus DSM 16045	1848461	97.41	0.63	1884
GCF_029916425.1	Liquorilactobacillus sicerae	2426367	93.73	2.4	2603
GCF_004354595.1	Secundilactobacillus silagei JCM 19001	2709771	98.8		2521
GCF_900459175.1	Streptococcus downei MFe28	2232110	99.61	0.34	2122
GCF_001436705.1	Liquorilactobacillus sucicola DSM 21376 = JCM 15457	2459509	99.02		2307
GCF_000420785.1	Streptococcus hyovaginalis DSM 12219	2077809	99.87		2088
GCF_001436315.1	Ligilactobacillus aviarius subsp. aviarius DSM 20655	1680526	99.24	1.53	1649
GCF_001434475.1	Paucilactobacillus suebicus DSM 5007 = KCTC 3549	2651315	98.69		2557
GCF_001435245.1	Limosilactobacillus equigenerosi DSM 18793 = JCM 14505	1599963	97.71	0.41	1615
GCF_001435935.1	Limosilactobacillus panis DSM 6035	2006512	98.8	0.74	1993
GCF_900459045.1	Streptococcus acidominimus	2445682	99.42	1.35	2194
GCF_900459485.1	Streptococcus macacae NCTC 11558	1930691	99.2		1918
GCF_900459215.1	Streptococcus criceti	2431956	98.46	0.82	2253
GCF_000188015.2	Streptococcus ictaluri 707-05	2234402	97.94		2336
GCF_000423245.1	Ligilactobacillus ceti DSM 22408	1385752	97.71	1.09	1337
GCF_000377005.1	Streptococcus minor DSM 17118	1927889	99.49	0.39	1967
GCF_000380125.1	Streptococcus ovis DSM 16829	2358538	99.87	0.58	2421
GCF_000187585.1	Streptococcus peroris ATCC 700780	1639920	99.74		1652
GCF_000380045.1	Streptococcus marimammalium DSM 18627	1505444	97.94	0.64	1492
GCF_000423725.1	Streptococcus devriesei DSM 19639	2121372	100	0.06	2086
GCF_001436295.1	Paucilactobacillus vaccinostercus DSM 20634	2559201	99.35	0.41	2516
GCF_000380025.1	Streptococcus entericus DSM 14446	2036468	98.23	0.66	2081
GCF_001434935.1	Liquorilactobacillus uvarum DSM 19971	2686405	99.35	1.63	2667
GCF_000425025.1	Streptococcus castoreus DSM 17536	1883536	100	0.39	1851
GCF_000379985.1	Streptococcus caballi DSM 19004	2122044	99.36	0.77	2186
GCF_000160835.1	Limosilactobacillus antri DSM 16041	2302896	99.35	0.08	2197
GCF_000380105.1	Streptococcus orisratti DSM 15617	2416134	99.87	0.4	2423
GCF_001435395.1	Liquorilactobacillus vini DSM 20605	2238031	96.62	0.22	2278
GCF_000469325.1	Schleiferilactobacillus shenzhenensis LY-73	3271684	98.21	1.82	3034
GCF_900459405.1	Streptococcus hyointestinalis	2553358	99.6	0.39	2595
GCF_027923585.1	Philodulcilactobacillus myokoensis	1672155	96.02	0.33	1678
GCF_003143695.2	Streptococcus halitosis	1880676	100		1850
GCF_003626515.1	Streptococcus chosunense	1902053	99.85		1803
GCF_001885095.1	Streptococcus bovimastitidis	2075036	99.13	0.58	2126
GCF_900156885.1	Limosilactobacillus caccae	2237367	99.35		2108
GCF_943192935.1	Limosilactobacillus caecicola	1694529	99.35		1704
GCF_017883985.1	Streptococcus oricebi	2141351	97.33	0.1	2099
GCF_001436275.1	Liquorilactobacillus oeni DSM 19972	2117633	99.35	0.65	2059
GCF_001433995.1	Secundilactobacillus kimchicus JCM 15530	2593269	98.8	0.41	2570
GCF_001435585.1	Schleiferilactobacillus perolens DSM 12744	3309179	98.51	1.72	3221
GCF_002583405.1	Secundilactobacillus silagincola	2617693	97.17	0.74	2495
GCF_001921845.1	Streptococcus cuniculi	2094853	100	0.48	2060
GCF_007859195.1	Streptococcus cuniculipharyngis	1511423	96.14	0.45	1527
GCF_001437055.1	Limosilactobacillus secaliphilus	1646143	97.71	0.65	1558
GCF_014635905.1	Limosilactobacillus caviae	2308498	99.35		2259
GCF_002217925.1	Secundilactobacillus mixtipabuli	2511119	98.47	0.74	2422
GCF_948472335.1	Streptococcus bouchesdurhonensis	3766235	99.17	53.02	3847
GCF_016481305.1	Streptococcus pacificus	1656080	96.86	0.06	1574
GCF_001438655.1	Pediococcus cellicola	2038400	87.27	7.64	1991
GCF_019448275.1	Streptococcus humanilactis	2027143	98.54	0.32	1998
GCF_918814575.1	Periweissella fabaria	1926695	96.39	0.87	1953
GCF_009720675.1	Secundilactobacillus folii	2681617	93.09	0.13	2471
GCF_001434895.1	Secundilactobacillus odoratitofui DSM 19909 = JCM 15043	2751938	98.47	0.41	2476
GCF_001436735.1	Liquorilactobacillus cacaonum DSM 21116	1919106	98.69		1885
GCF_016861565.1	Secundilactobacillus yichangensis	2703434	98.47	0.41	2549
GCF_001435235.1	Liquorilactobacillus ghanensis DSM 18630	2605329	99.02	3.05	2486
GCF_014145615.1	Limosilactobacillus balticus	2088966	93.63	1.31	2045
GCF_012396505.1	Periweissella fabalis	1962451	92.69	0.44	1977
GCF_002887775.1	Streptococcus penaeicida	2051969	85.55	0.71	2134
GCF_004353325.1	Streptococcus downii	1922750	100	0.39	1928
GCF_001435375.1	Ligilactobacillus araffinosus DSM 20653	1475258	98.91	0.54	1469
GCF_943193105.1	Limosilactobacillus agrestimuris	1873876	99.35	0.65	1881
GCF_001436755.1	Liquorilactobacillus aquaticus DSM 21051	2407726	98.8	0.33	2283
GCF_017599325.1	Marinilactibacillus kalidii	2618466	94.6	3.72	2544
GCF_001434405.1	Ligilactobacillus apodemi DSM 16634 = JCM 16172	2091181	99.14	0.33	2114
GCF_022836475.1	Ligilactobacillus pabuli	2348930	98.31	0.22	2244
GCF_001437075.1	Pediococcus stilesii	1837953	97.51	4.82	1869
GCF_014287335.1	Streptococcus hominis	1846156	97.15	0.1	1871
GCF_001434915.1	Liquorilactobacillus capillatus DSM 19910	2232918	99.02	1.2	2177
GCF_017884005.1	Streptococcus panodentis	2783954	97.08		2659
GCF_024160875.1	Ligilactobacillus ubinensis	2589491	98.69	1.63	2508
GCF_943193075.1	Streptococcus caecimuris	2070888	100	0.08	1969
GCF_012396585.1	Streptococcus ovuberis	2467419	96.74	0.5	2368
GCF_003686955.1	Streptococcus hillyeri	2147614	98.97	0.08	2094
GCF_002217985.1	Secundilactobacillus pentosiphilus	2723917	98.47	1.06	2679
GCF_005405165.1	Loigolactobacillus binensis	2845990	99.35	4.55	2772
GCF_014049385.1	Ruoffia halotolerans	2262567	93.76	0.54	2197
GCF_005405145.1	Paucilactobacillus kaifaensis	1751927	72.63	0.22	1775
GCF_014836425.1	Limosilactobacillus avistercoris	1801657	99.35		1824
GCF_900167335.1	Pilibacter termitis	2794241	92.76	2.87	2759
GCF_014830205.1	Limosilactobacillus walteri	2234040	90.23	0.65	2200
GCF_003950295.1	Loigolactobacillus iwatensis	2622292	99.33	4.58	2421
GCF_918814755.1	Periweissella ghanensis	1988014	95.62	0.76	2006
GCF_900113675.1	Pisciglobus halotolerans	2437433	98.69	1.14	2302
GCF_003946445.1	Loigolactobacillus jiayinensis	3038278	99	5.86	2979
GCF_005405185.1	Secundilactobacillus hailunensis	2706209	98.47		2549
GCF_000740055.1	Secundilactobacillus oryzae JCM 18671	1860394	98.69	0.08	1992
GCF_001434455.1	Ligilactobacillus hayakitensis DSM 18933 = JCM 14209	1685542	97.06		1725
GCF_001435195.1	Liquorilactobacillus satsumensis DSM 16230 = JCM 12392	2639652	99.35	0.87	2512
GCF_003864415.1	Ligilactobacillus salitolerans	2529335	98.37	1.11	2523
GCF_001437605.1	Pediococcus argentinicus	1764961	91.34	3.38	1843
GCF_001436505.1	Loigolactobacillus rennini DSM 20253	2269330	99.35	3.21	2300
GCF_016908645.1	Streptococcus loxodontisalivarius	2226923	97.88	0.13	2125
GCF_900114235.1	Marinilactibacillus piezotolerans	2554689	97.34	4.75	2489
GCF_001293735.1	Limosilactobacillus gorillae	1641621	99.02		1639
GCF_000876205.1	Paucilactobacillus wasatchensis	1904253	99.26	0.33	1904
GCF_003946385.1	Loigolactobacillus zhaoyuanensis	2698660	99.33	5.31	2687
GCF_026413145.1	Limosilactobacillus kribbianus	2110954	91.99	1.31	2079
GCF_001436595.1	Secundilactobacillus similis DSM 23365 = JCM 2765	3476170	99.13	0.95	3194
GCF_003703885.1	Limosilactobacillus reuteri	2220255	98.55	3.93	2142
GCF_000960005.1	Streptococcus mitis	1915198	99.72	0.42	1918
GCF_000300915.1	Streptococcus iniae 9117	2078360	98.78		2002
GCF_900102715.1	Streptococcus equinus	1797051	99.78	0.24	1758
GCF_002860805.1	Streptococcus macedonicus	2163740	99.61		2236
GCF_001623425.1	Secundilactobacillus collinoides	3707616	97.93	1.63	3414
GCF_000317165.1	Ligilactobacillus saerimneri 30a	1633986	97.6	0.98	1608
GCF_000504525.1	Ligilactobacillus equi DPC 6820	2175589	99.02	1.63	2240
GCF_025211165.1	Periweissella beninensis	1772829	96.33	0.33	1805
GCF_005864045.1	Ruoffia tabacinasalis	2518736	97.78	1.67	2497
GCF_024170735.1	Streptococcus gallinaceus	2056015	98.07	0.27	2113
GCF_022509925.1	Secundilactobacillus angelensis	2617371	93.45	0.08	2541
GCF_900104235.1	Streptococcus henryi	2429275	99.81	0.84	2386
GCF_003438245.1	Streptococcus ilei	1965871	100		1872
GCF_011421455.1	Streptococcus catagoni	2023813	97.2	0.39	2003
GCF_932750685.1	Limosilactobacillus urinaemulieris	1851772	98.8	0.65	1752
GCF_021168575.1	Limosilactobacillus rudii	2307125	91.4	0.65	2295
GCF_021168825.1	Limosilactobacillus fastidiosus	1719294	91.44		1707
GCF_021168615.1	Limosilactobacillus albertensis	2354350	90.88	0.65	2334
GCF_001984705.1	Streptococcus azizii	2374041	99.23	0.19	2115
GCF_000312405.1	Limosilactobacillus ingluviei str. Autruche 4	2013830	98.37	1.06	1986
GCF_021168665.1	Limosilactobacillus agrestis	1889861	92.41		1910
GCF_001431045.1	Streptococcus orisasini	2299160	99.9	0.12	2197
GCF_016900115.1	Limosilactobacillus alvi	1927291	94.76	0.46	1898
GCF_009767945.1	Streptococcus danieliae	1855621	92.12		1931
GCF_001761545.1	Weissella soli	1683184	97.91	2	1634
GCF_018394055.1	Weissella ceti	1505791	98.14	0.09	1575
GCF_003795145.1	Tetragenococcus koreensis	2732026	90.3	8.6	2646
GCF_003609975.1	Streptococcus ruminantium	2090539	99.74		1946
GCF_014397255.1	Weissella diestrammenae	1659381	95.76	1.66	1651
GCF_900636885.1	Streptococcus urinalis	2144000	95.59	0.32	2236
GCF_900637075.1	Streptococcus pseudoporcinus	2156061	95.84	1.74	2091
GCF_011304195.1	Vagococcus hydrophili	3045783	94.89	4.88	2984
GCF_014397115.1	Vagococcus carniphilus	3128613	96.79	6.26	3059
GCF_003546865.1	Suicoccus acidiformans	2572159	99.49	1.01	2429
GCF_003795125.1	Tetragenococcus osmophilus	2384293	88.96	7.59	2297
GCF_029144185.1	Vagococcus intermedius	2300692	95.35	5.59	2197
GCF_005145005.1	Vagococcus zengguangii	2190262	96.22	0.94	2088
GCF_001870205.1	Vagococcus teuberi	2184285	96.74	0.94	2192
GCF_024637875.1	Vagococcus luciliae	2150567	97.57	1.56	2094
GCF_001932615.1	Weissella jogaejeotgali	2149545	98.57	0.8	2161
GCF_002355215.1	Streptococcus troglodytae	2097874	87.06	0.26	2083
GCF_024346585.1	Streptococcus toyakuensis	2055023	99.85		2046
GCF_003595525.1	Streptococcus respiraculi	2067971	100	0.97	1994
GCF_004792515.1	Vagococcus xieshaowenii	2071287	95.47	1.32	2027
GCF_011304355.1	Weissella coleopterorum	1618880	95.22	1.95	1643
GCF_011303955.1	Vagococcus coleopterorum	1530734	88.96	1.7	1526
GCF_900475035.1	Streptococcus pyogenes	1746380	98.95	0.4	1726
GCF_000026745.1	Streptococcus suis BM407	2170808	99.91	0.09	2135
GCF_903886475.1	Streptococcus thermophilus	1791634	96.32	0.68	1857
GCF_001951095.1	Weissella cibaria	2363492	98.77		2237
GCF_001712815.1	Tetragenococcus halophilus	2389470	95.75	6.33	2341
GCF_004771075.1	Weissella confusa	2216758	98.14		2101
GCF_000221985.1	Streptococcus pseudopneumoniae IS7493	2195458	98.19	0.72	2304
GCF_020628455.1	Vagococcus fluvialis	2886743	97.92	5.05	2945
GCF_003172975.1	Streptococcus sobrinus	2145290	99.23	0.26	2069
GCF_002953735.1	Streptococcus pluranimalium	2065522	98.92		2076
GCF_000219805.1	Weissella koreensis KACC 15510	1441470	98.03		1421
GCF_023299185.1	Vagococcus lutrae	2081978	95.13	3.1	2010
GCF_901553735.1	Streptococcus porcinus	1954699	98.71		1923
GCF_008803015.1	Streptococcus ratti	2096943	99.74	0.22	2072
GCF_009755785.1	Streptococcus ruminicola	1905827	100		1892
GCF_018502505.1	Weissella tructae	1386044	98.77	0.29	1408
GCF_002076835.1	Streptococcus pneumoniae	2154362	99.4	0.31	2172
GCF_015689215.1	Weissella paramesenteroides	2052536	98.77	0.11	2066
GCF_012396435.1	Weissella hellenica	1818703	95.86	0.26	1818
GCF_001302265.1	Streptococcus phocae	1700082	99.23		1763
GCF_000767835.1	Streptococcus sinensis	2061843	99.15	0.13	2039
GCF_900113645.1	Trichococcus flocculiformis	2978824	97.97	5.94	2910
GCF_004785935.1	Streptococcus rubneri	2160087	100		2036
GCF_016908785.1	Weissella uvarum	1680010	95.58	1.26	1737
GCF_005405465.1	Weissella thailandensis	1974613	97.4	1.58	2041
GCF_006370295.1	Trichococcus shcherbakoviae subsp. psychrophilus	3134598	94.92	5.39	2932
GCF_000380145.1	Streptococcus thoraltensis DSM 12221	2385218	99.03	0.45	2249
GCF_001544195.1	Tetragenococcus solitarius NBRC 100494	2513646	90.03	11.84	2476
GCF_000423785.1	Tetragenococcus muriaticus DSM 15685	2081554	97.4	1.13	2120
GCF_016461705.1	Streptococcus vicugnae	1906993	97.81		1942
GCF_003051085.1	Trichococcus patagoniensis	3102817	96.95	5.98	2813
GCF_000420365.1	Weissella halotolerans DSM 20190	1358385	98.28		1386
GCF_000423745.1	Streptococcus plurextorum DSM 22810	2103464	98.97	1.22	2137
GCF_000423765.1	Streptococcus porci DSM 23759	2290936	100	0.24	2338
GCF_002026305.1	Vagococcus martis	2561923	97.64	1.33	2500
GCF_006385805.1	Streptococcus xiaochunlingii	1950659	99.42	0.19	1930
GCF_900095845.1	Streptococcus timonensis	1925331	99.71		2081
GCF_003987595.1	Vagococcus entomophilus	2444868	98.63	1.83	2365
GCF_003987565.1	Vagococcus fessus	2257832	95.69	3.09	2199
GCF_001375655.1	Streptococcus varani	2460376	100	0.53	2481
GCF_003052295.1	Trichococcus paludicola	1935222	73.22	1.58	1785
GCF_003950325.1	Vagococcus humatus	2096134	97.23	4.54	2058
GCF_006385165.1	Streptococcus symci	2189419	98.3	16.28	2093
GCF_029143285.1	Vagococcus proximus	2350491	89.14	2.17	2269
GCF_017829975.1	Vagococcus allomyrinae	5705793	91.27	7.82	5403
GCF_900604935.1	Vaginisenegalia massiliensis	1754973	98.08	2.24	1694
GCF_003008695.1	Trichococcus alkaliphilus	2964741	95.43	4.46	2705
GCF_003987655.1	Vagococcus acidifermentans	2862533	97.79	3.53	2820
GCF_000691805.2	Weissella oryzae SG25	2129476	97.53	1.2	2258
GCF_003987515.1	Vagococcus penaei	2336491	97.57	1.46	2268
GCF_001437425.1	Weissella minor	1768499	98.63	1.63	1863
GCF_003987645.1	Vagococcus elongatus	2879210	98.01	5.22	2746
GCF_003950515.1	Vagococcus vulneris	2347966	97.79	2.36	2343
GCF_006385785.1	Streptococcus shenyangsis	2023003	99.9		1943
GCF_019218685.1	Streptococcus vulneris	1963039	98.04	0.58	1919
GCF_017315345.1	Streptococcus vaginalis	2091763	96.48	0.9	2151
GCF_003987495.1	Vagococcus salmoninarum	3104446	97.46	3.98	2971
GCF_900094835.1	Weissella bombi	1820901	97.95	0.15	1830
GCF_008107635.1	Weissella muntiaci	2288705	97.53	3.76	2356
GCF_003950315.1	Vagococcus bubulae	2499339	97.2	2.04	2463
GCF_001438705.1	Weissella kandleri	1334438	97.53	0.07	1311
GCF_004795745.1	Vagococcus silagei	2525732	96.52	1.68	2512
GCF_900109135.1	Trichococcus ilyis	3090512	97.46	5.55	2874
GCF_016908655.1	Streptococcus saliviloxodontae	2051957	97.57	0.77	1959
GCF_902858935.1	Streptococcus salivarius	2185075	98.89	0.74	2035
GCF_000191105.1	Streptococcus sanguinis SK405	2298289	99.6	0.15	2256
GCF_900460135.1	Streptococcus uberis	1942125	100		1939
GCF_003862435.1	Weissella viridescens	1612814	95.65	1.62	1684
GCF_001657915.1	Streptococcus vestibularis	1882671	99.77		1921
GCF_900067155.1	Trichococcus collinsii	3288692	97.39	5.77	3146
GCF_900079135.1	Trichococcus pasteurii	3234289	97.36	4.88	3069
GCF_024742095.1	Streptococcus zalophi	1606394	98.42	0.45	1535
GCF_025460865.1	Weissella fangxianensis	1969164	95.99	2.06	2043
GCF_010306265.1	Weissella sagaensis	1867525	97.99	0.31	1866
GCF_900067125.1	Trichococcus palustris	2955657	96.7	3.85	2815
