Accession	Genus	Species	Seq Length	Completeness	Contamination	Annotation Count Gene	Name
GCF_013267415.1	Abiotrophia	defectiva	2046826	94.82	1.1	1897	Abiotrophia defectiva
GCF_004359375.1	Acetilactobacillus	jinshanensis	1616430	91.98	1.33	1602	Acetilactobacillus jinshanensis
GCF_001543105.1	Aerococcus	christensenii	1634920	74.68	3.13	1587	Aerococcus christensenii
GCF_905113025.1	Aerococcus	sanguinicola	2064531	87.5	8.07	1867	Aerococcus sanguinicola
GCF_900176325.1	Aerococcus	suis	1382195	76.59	4.35	1360	Aerococcus suis
GCF_001543175.1	Aerococcus	urinae	1974262	97.67	2.68	1807	Aerococcus urinae
GCF_001518795.1	Aerococcus	urinaeequi	2054328	92.92	6.58	1923	Aerococcus urinaeequi
GCF_001543245.1	Aerococcus	urinaehominis	1831400	82.61	8.94	1721	Aerococcus urinaehominis
GCF_001543285.1	Aerococcus	viridans	2199877	98.26	0.66	2064	Aerococcus viridans
GCF_001436375.1	Agrilactobacillus	composti	3467402	98.53	2.72	3393	Agrilactobacillus composti
GCF_021030645.1	Agrilactobacillus	fermenti	2595905	95.48	2.61	2602	Agrilactobacillus fermenti
GCF_003946725.1	Agrilactobacillus	yilanensis	2825702	98.83	2.48	2688	Agrilactobacillus yilanensis
GCF_900109085.1	Alkalibacterium	gilvum	2181898	97.93	3.21	2157	Alkalibacterium gilvum
GCF_007988865.1	Alkalibacterium	kapii	1991267	97.84	2.03	1862	Alkalibacterium kapii
GCF_003003275.1	Alkalibacterium	olivapovliticus	2826533	98.05	4.16	2739	Alkalibacterium olivapovliticus
GCF_007991315.1	Alkalibacterium	pelagium	2617530	98.43	4.08	2447	Alkalibacterium pelagium
GCF_007988845.1	Alkalibacterium	putridalgicola	2588643	97.17	5.02	2435	Alkalibacterium putridalgicola
GCF_900112455.1	Alkalibacterium	subtropicum	2491452	97.34	4.75	2343	Alkalibacterium subtropicum
GCF_900101165.1	Alkalibacterium	thalassium	2364962	98.01	3.42	2343	Alkalibacterium thalassium
GCF_000374325.1	Allofustis	seminis	1441290	98.73	0.25	1472	Allofustis seminis
GCF_000315445.1	Alloiococcus	otitis	1806596	96.79	1.57	1675	Alloiococcus otitis
GCF_001936335.1	Amylolactobacillus	amylophilus	1610352	98.04	5.09	1685	Amylolactobacillus amylophilus
GCF_001434555.1	Amylolactobacillus	amylotrophicus	1548566	98.04	1.39	1611	Amylolactobacillus amylotrophicus
GCF_001281175.1	Apilactobacillus	apinorum	1460240	97.44	0.98	1384	Apilactobacillus apinorum
GCF_023380225.1	Apilactobacillus	apisilvae	1550949	96.94		1577	Apilactobacillus apisilvae
GCF_003627035.1	Apilactobacillus	bombintestini	1289211	97.33	0.65	1241	Apilactobacillus bombintestini
GCF_019575995.1	Apilactobacillus	kunkeei	1542216	97.66	1.31	1439	Apilactobacillus kunkeei
GCF_006493595.1	Apilactobacillus	micheneri	1479398	96.94		1529	Apilactobacillus micheneri
GCF_016861895.1	Apilactobacillus	nanyangensis	1538687	97.66	1.31	1467	Apilactobacillus nanyangensis
GCF_001435995.1	Apilactobacillus	ozensis	1479955	97.11	0.98	1507	Apilactobacillus ozensis
GCF_002994005.1	Apilactobacillus	quenuiae	1575214	96.94		1596	Apilactobacillus quenuiae
GCF_006493105.1	Apilactobacillus	timberlakei	1585604	97.16	0.65	1631	Apilactobacillus timberlakei
GCF_019061205.1	Apilactobacillus	waqarii	1490797	93.28	0.98	1415	Apilactobacillus waqarii
GCF_019656235.1	Apilactobacillus	xinyiensis	1453633	97.11	0.33	1495	Apilactobacillus xinyiensis
GCF_019656215.1	Apilactobacillus	zhangqiuensis	1445942	97.58	1.09	1360	Apilactobacillus zhangqiuensis
GCF_000526675.1	Atopobacter	phocae	1666387	95.75	0.3	1659	Atopobacter phocae
GCF_000429585.1	Atopococcus	tabaci	2267201	97.93	0.25	2377	Atopococcus tabaci
GCF_900129085.1	Atopostipes	suicloacalis	2124342	98.08	2.27	2019	Atopostipes suicloacalis
GCF_000421665.1	Bavariicoccus	seileri	2242440	94.37	0.33	2156	Bavariicoccus seileri
GCF_013385145.1	Bombilactobacillus	apium	1712546	92.85	0.65	1745	Bombilactobacillus apium
GCF_003522965.1	Bombilactobacillus	bombi	1842084	98.7	0.33	1769	Bombilactobacillus bombi
GCF_023380265.1	Bombilactobacillus	folatiphilus	1637944	96.84		1627	Bombilactobacillus folatiphilus
GCF_000970795.1	Bombilactobacillus	mellifer	1815047	98.4	0.65	1733	Bombilactobacillus mellifer
GCF_000967245.1	Bombilactobacillus	mellis	1810599	98.89	0.33	1724	Bombilactobacillus mellis
GCF_023380245.1	Bombilactobacillus	thymidiniphilus	1494436	98.51	0.33	1535	Bombilactobacillus thymidiniphilus
GCF_900143105.1	Carnobacterium	alterfunditum	2548842	97.72	1.27	2401	Carnobacterium alterfunditum
GCF_001703555.1	Carnobacterium	divergens	2666320	98.22	4.77	2539	Carnobacterium divergens
GCF_000744185.1	Carnobacterium	funditum	2352439	97.93	2.03	2234	Carnobacterium funditum
GCF_000744375.1	Carnobacterium	gallinarum	4041428	98.22	10.16	3865	Carnobacterium gallinarum
GCF_900177385.1	Carnobacterium	iners	2571353	97.97	3.34	2441	Carnobacterium iners
GCF_000493735.1	Carnobacterium	inhibens	2497115	97.46	2.2	2400	Carnobacterium inhibens
GCF_000745125.1	Carnobacterium	jeotgali	2518244	97.72	1.27	2478	Carnobacterium jeotgali
GCF_949790605.1	Carnobacterium	maltaromaticum	3502975	98.22	10.62	3238	Carnobacterium maltaromaticum
GCF_000744825.1	Carnobacterium	mobile	2632867	99.24	2.54	2546	Carnobacterium mobile
GCF_000744285.1	Carnobacterium	pleistocenium	2662616	98.98	2.2	2639	Carnobacterium pleistocenium
GCF_900102725.1	Carnobacterium	viridans	2762327	98.22	4.28	2760	Carnobacterium viridans
GCF_000313915.1	Catellicoccus	marimammalium	1285866	86.74	0.59	1262	Catellicoccus marimammalium
GCF_002849895.1	Companilactobacillus	alimentarius	2401923	99.0	1.31	2344	Companilactobacillus alimentarius
GCF_001971585.1	Companilactobacillus	allii	2534178	98.94		2568	Companilactobacillus allii
GCF_003946605.1	Companilactobacillus	baiquanensis	2237367	98.94	1.14	2196	Companilactobacillus baiquanensis
GCF_002179915.1	Companilactobacillus	bobalius	2885890	98.8	2.65	2867	Companilactobacillus bobalius
GCF_001951175.1	Companilactobacillus	crustorum	2316479	99.13	1.74	2291	Companilactobacillus crustorum
GCF_002706745.1	Companilactobacillus	farciminis	2551839	99.13	3.27	2545	Companilactobacillus farciminis
GCF_003573535.1	Companilactobacillus	formosensis	2469957	99.13	2.07	2450	Companilactobacillus formosensis
GCF_003946325.1	Companilactobacillus	furfuricola	2644344	98.47	1.14	2599	Companilactobacillus furfuricola
GCF_006007945.1	Companilactobacillus	futsaii	2648769	98.47	2.07	2680	Companilactobacillus futsaii
GCF_001050475.1	Companilactobacillus	ginsenosidimutans	2590556	98.47		2590	Companilactobacillus ginsenosidimutans
GCF_009600995.1	Companilactobacillus	halodurans	2534442	97.25	1.63	2489	Companilactobacillus halodurans
GCF_000831645.3	Companilactobacillus	heilongjiangensis	2790548	98.97	1.82	2500	Companilactobacillus heilongjiangensis
GCF_005404815.1	Companilactobacillus	huachuanensis	3023058	99.13	2.4	2695	Companilactobacillus huachuanensis
GCF_003946555.1	Companilactobacillus	hulinensis	2632694	99.13	0.08	2539	Companilactobacillus hulinensis
GCF_003946015.1	Companilactobacillus	insicii	2536116	99.13	0.08	2456	Companilactobacillus insicii
GCF_003946575.1	Companilactobacillus	jidongensis	2707861	99.13	0.22	2710	Companilactobacillus jidongensis
GCF_003946625.1	Companilactobacillus	kedongensis	2272157	98.94	1.35	2228	Companilactobacillus kedongensis
GCF_003946205.1	Companilactobacillus	keshanensis	2301243	98.59	1.35	2277	Companilactobacillus keshanensis
GCF_001438805.1	Companilactobacillus	kimchiensis	2698724	99.13	2.94	2621	Companilactobacillus kimchiensis
GCF_001435445.1	Companilactobacillus	kimchii	2746576	98.8	3.46	2668	Companilactobacillus kimchii
GCF_004117915.1	Companilactobacillus	metriopterae	1500957	97.42		1569	Companilactobacillus metriopterae
GCF_007992055.1	Companilactobacillus	mindensis	2285531	99.13	2.81	2241	Companilactobacillus mindensis
GCF_003946505.1	Companilactobacillus	mishanensis	2348649	99.13	0.24	2274	Companilactobacillus mishanensis
GCF_003967595.1	Companilactobacillus	musae	2357792	98.47	1.74	2319	Companilactobacillus musae
GCF_007991935.1	Companilactobacillus	nantensis	2895933	99.13	2.07	2792	Companilactobacillus nantensis
GCF_001592065.1	Companilactobacillus	nodensis	2682447	99.13		2707	Companilactobacillus nodensis
GCF_002872255.1	Companilactobacillus	nuruki	2582291	99.13	2.14	2604	Companilactobacillus nuruki
GCF_014058425.1	Companilactobacillus	pabuli	2497143	99.13	1.31	2437	Companilactobacillus pabuli
GCF_001434985.1	Companilactobacillus	paralimentarius	2548273	99.13	2.21	2530	Companilactobacillus paralimentarius
GCF_004745525.1	Companilactobacillus	suantsaicola	2601643	99.13	1.39	2486	Companilactobacillus suantsaicola
GCF_001434665.1	Companilactobacillus	tucceti	2173857	98.29	1.35	2150	Companilactobacillus tucceti
GCF_001434295.1	Companilactobacillus	versmoldensis	2373204	99.13	0.89	2336	Companilactobacillus versmoldensis
GCF_003606365.2	Companilactobacillus	zhachilii	2714973	99.05	2.4	2546	Companilactobacillus zhachilii
GCF_003946515.1	Companilactobacillus	zhongbaensis	2644863	99.13	1.47	2486	Companilactobacillus zhongbaensis
GCF_003096575.1	Convivina	intestini	1600079	91.63	0.08	1609	Convivina intestini
GCF_030127605.1	Dellaglioa	algida	1683308	96.98	1.31	1660	Dellaglioa algida
GCF_026948345.1	Dellaglioa	carnosa	1617235	96.98	0.65	1586	Dellaglioa carnosa
GCF_900115825.1	Desemzia	incerta	2330788	98.48	3.86	2229	Desemzia incerta
GCF_002871685.1	Dolosicoccus	paucivorans	1757345	95.85	0.17	1705	Dolosicoccus paucivorans
GCF_003263915.2	Dolosigranulum	pigrum	1890416	98.31	0.83	1818	Dolosigranulum pigrum
GCF_014635985.1	Enterococcus	alcedinis	2686367	90.42	1.71	2532	Enterococcus alcedinis
GCF_019218635.1	Enterococcus	alishanensis	3731072	92.73	3.58	3663	Enterococcus alishanensis
GCF_001885765.1	Enterococcus	aquimarinus	2512430	91.24	1.64	2382	Enterococcus aquimarinus
GCF_000407365.1	Enterococcus	asini	2572706	95.88	2.3	2504	Enterococcus asini
GCF_002891025.1	Enterococcus	avium	4537641	98.37	9.23	4504	Enterococcus avium
GCF_000394055.1	Enterococcus	caccae	3559587	98.88	2.1	3301	Enterococcus caccae
GCF_002269685.1	Enterococcus	canintestini	2734830	96.72	2.48	2611	Enterococcus canintestini
GCF_001544375.1	Enterococcus	canis	2854214	95.58	1.45	2821	Enterococcus canis
GCF_000157355.2	Enterococcus	casseliflavus	3427276	97.19	1.94	3189	Enterococcus casseliflavus
GCF_900474605.1	Enterococcus	cecorum	2421598	95.1	0.8	2453	Enterococcus cecorum
GCF_000407225.1	Enterococcus	columbae	2545099	95.35		2376	Enterococcus columbae
GCF_000633635.1	Enterococcus	crotali	3902091	88.68	2.05	3772	Enterococcus crotali
GCF_018917555.1	Enterococcus	devriesei	3235596	91.82	6.26	3154	Enterococcus devriesei
GCF_009933255.1	Enterococcus	diestrammenae	3159940	95.71	3.8	2953	Enterococcus diestrammenae
GCF_000406945.1	Enterococcus	dispar	2822228	97.91	1.98	2714	Enterococcus dispar
GCF_002277935.1	Enterococcus	durans	2988928	98.46	0.17	2816	Enterococcus durans
GCF_000393015.1	Enterococcus	faecalis	2870381	99.66	0.38	2745	Enterococcus faecalis
GCF_009734005.1	Enterococcus	faecium	2919198	99.61	0.31	2887	Enterococcus faecium
GCF_004309355.1	Enterococcus	florum	3994908	96.37	9.02	3878	Enterococcus florum
GCF_003320875.1	Enterococcus	gallinarum	3614506	94.87	10.84	3511	Enterococcus gallinarum
GCF_003343305.1	Enterococcus	gilvus	3945324	98.37	5.85	3860	Enterococcus gilvus
GCF_000393995.1	Enterococcus	haemoperoxidus	3580916	99.73	3.68	3268	Enterococcus haemoperoxidus
GCF_001885945.1	Enterococcus	hermanniensis	2613534	96.82	3.11	2622	Enterococcus hermanniensis
GCF_002278015.2	Enterococcus	hirae	2845651	98.84	0.17	2580	Enterococcus hirae
GCF_005405485.1	Enterococcus	hulanensis	4746262	97.98	8.82	4561	Enterococcus hulanensis
GCF_022846515.1	Enterococcus	innesii	3598496	99.61	0.56	3378	Enterococcus innesii
GCF_001885995.1	Enterococcus	italicus	2322207	96.99	2.14	2321	Enterococcus italicus
GCF_019343125.1	Enterococcus	lactis	2728070	99.32	0.27	2669	Enterococcus lactis
GCF_017830045.1	Enterococcus	larvae	4163499	92.99	3.48	3950	Enterococcus larvae
GCF_016909125.1	Enterococcus	lemanii	2720315	87.37	2.05	2630	Enterococcus lemanii
GCF_027659535.1	Enterococcus	malodoratus	4283354	98.37	10.87	4261	Enterococcus malodoratus
GCF_001050095.1	Enterococcus	massiliensis	2712841	96.91	3.36	2692	Enterococcus massiliensis
GCF_900604485.1	Enterococcus	mediterraneensis	2699190	98.07	2.2	2680	Enterococcus mediterraneensis
GCF_000394015.1	Enterococcus	moraviensis	3601841	98.7	3.61	3382	Enterococcus moraviensis
GCF_002813755.1	Enterococcus	mundtii	3504528	99.15	1.38	3262	Enterococcus mundtii
GCF_005405245.1	Enterococcus	nangangensis	1993687	78.49	2.46	1977	Enterococcus nangangensis
GCF_000393975.1	Enterococcus	pallens	5490614	97.14	9.32	5318	Enterococcus pallens
GCF_000394035.1	Enterococcus	phoeniculicola	3931286	98.84	2.76	3570	Enterococcus phoeniculicola
GCF_005405205.1	Enterococcus	pingfangensis	2017363	87.35	2.2	1961	Enterococcus pingfangensis
GCF_001730295.1	Enterococcus	plantarum	3135404	97.41	1.69	3004	Enterococcus plantarum
GCF_001544295.1	Enterococcus	pseudoavium	2731874	97.32	4.55	2670	Enterococcus pseudoavium
GCF_001730365.1	Enterococcus	quebecensis	3162767	98.49	2.95	2895	Enterococcus quebecensis
GCF_019175485.1	Enterococcus	raffinosus	4255835	98.37	8.18	4126	Enterococcus raffinosus
GCF_001886195.1	Enterococcus	ratti	2485659	92.82	0.13	2377	Enterococcus ratti
GCF_001742285.1	Enterococcus	rivorum	3806353	96.97	3.07	3617	Enterococcus rivorum
GCF_001465345.1	Enterococcus	rotai	3746111	95.8	3.46	3352	Enterococcus rotai
GCF_000407285.1	Enterococcus	saccharolyticus	2604038	96.64	3.8	2631	Enterococcus saccharolyticus
GCF_011397115.1	Enterococcus	saigonensis	2844986	97.52	2.7	2765	Enterococcus saigonensis
GCF_001886225.1	Enterococcus	silesiacus	3915391	99.47	4.02	3693	Enterococcus silesiacus
GCF_005405265.1	Enterococcus	songbeiensis	2271847	93.44	1.94	2274	Enterococcus songbeiensis
GCF_000407605.1	Enterococcus	sulfureus	2301651	96.31	0.9	2266	Enterococcus sulfureus
GCF_001886275.1	Enterococcus	termitis	4127488	98.57	2.67	3949	Enterococcus termitis
GCF_002290025.1	Enterococcus	thailandicus	2646250	96.85	0.81	2504	Enterococcus thailandicus
GCF_900104595.1	Enterococcus	timonensis	2123933	83.97	2.03	2054	Enterococcus timonensis
GCF_001730285.1	Enterococcus	ureasiticus	3585398	98.96	2.67	3335	Enterococcus ureasiticus
GCF_001730315.1	Enterococcus	ureilyticus	3472706	98.57	3.21	3315	Enterococcus ureilyticus
GCF_005405345.1	Enterococcus	viikkiensis	2545311	92.77	3.73	2465	Enterococcus viikkiensis
GCF_000407205.1	Enterococcus	villorum	3060724	97.63	0.19	2874	Enterococcus villorum
GCF_002197645.1	Enterococcus	wangshanyuanii	4155954	98.47	4.16	4214	Enterococcus wangshanyuanii
GCF_005405365.1	Enterococcus	xiangfangensis	2652541	96.44	4.91	2619	Enterococcus xiangfangensis
GCF_000183205.1	Eremococcus	coleocola	1773745	98.4	0.23	1761	Eremococcus coleocola
GCF_000301035.1	Facklamia	hominis	1897623	97.36	0.17	1780	Facklamia hominis
GCF_015863265.1	Facklamia	lactis	2218655	92.86	6.86	2180	Facklamia lactis
GCF_000245795.1	Facklamia	languida	1717767	99.25	0.18	1589	Facklamia languida
GCF_900100775.1	Facklamia	miroungae	2028290	95.25	7.45	1953	Facklamia miroungae
GCF_002847645.1	Falseniella	ignava	1606080	98.29	1.15	1553	Falseniella ignava
GCF_001832885.1	Floricoccus	penangensis	2049722	98.13	1.45	2092	Floricoccus penangensis
GCF_001832905.1	Floricoccus	tropicus	2157756	98.13	2.28	2248	Floricoccus tropicus
GCF_024029675.1	Fructilactobacillus	carniphilus	1491353	99.03	0.16	1489	Fructilactobacillus carniphilus
GCF_024029595.1	Fructilactobacillus	cliffordii	1457211	98.94	0.16	1464	Fructilactobacillus cliffordii
GCF_000512295.1	Fructilactobacillus	florum	1282634	97.58	0.16	1280	Fructilactobacillus florum
GCF_000814735.1	Fructilactobacillus	fructivorans	1332231	98.04	0.27	1349	Fructilactobacillus fructivorans
GCF_024029435.1	Fructilactobacillus	hinvesii	1465046	99.16	0.25	1494	Fructilactobacillus hinvesii
GCF_024029915.1	Fructilactobacillus	ixorae	1422963	98.89	0.16	1439	Fructilactobacillus ixorae
GCF_001702115.1	Fructilactobacillus	lindneri	1389742	97.91	0.16	1411	Fructilactobacillus lindneri
GCF_024029335.1	Fructilactobacillus	myrtifloralis	1458675	99.22	0.16	1471	Fructilactobacillus myrtifloralis
GCF_009496975.1	Fructilactobacillus	sanfranciscensis	1310991	97.67	0.54	1410	Fructilactobacillus sanfranciscensis
GCF_024029775.1	Fructobacillus	americanaquae	1414204	91.37	0.33	1389	Fructobacillus americanaquae
GCF_023893635.1	Fructobacillus	apis	1292712	87.3	0.16	1285	Fructobacillus apis
GCF_018437275.1	Fructobacillus	broussonetiae	1265753	88.03	0.16	1297	Fructobacillus broussonetiae
GCF_023218935.1	Fructobacillus	cardui	1562837	88.38	0.33	1684	Fructobacillus cardui
GCF_900112405.1	Fructobacillus	durionis	1327392	92.0	0.65	1323	Fructobacillus durionis
GCF_001047075.2	Fructobacillus	ficulneus	1552198	91.26	1.17	1592	Fructobacillus ficulneus
GCF_014489725.1	Fructobacillus	fructosus	1383206	88.3		1445	Fructobacillus fructosus
GCF_018437225.1	Fructobacillus	papyriferae	1264930	87.27		1274	Fructobacillus papyriferae
GCF_018437235.1	Fructobacillus	papyrifericola	1296716	87.24	0.65	1313	Fructobacillus papyrifericola
GCF_018437265.1	Fructobacillus	parabroussonetiae	1215860	88.25		1238	Fructobacillus parabroussonetiae
GCF_900108455.1	Fructobacillus	pseudoficulneus	1413564	92.48	0.49	1388	Fructobacillus pseudoficulneus
GCF_016860625.1	Fructobacillus	tropaeoli	1752368	91.59	0.52	1694	Fructobacillus tropaeoli
GCF_009659415.1	Fundicoccus	ignavus	2728496	93.44	3.21	2497	Fundicoccus ignavus
GCF_029509535.1	Furfurilactobacillus	milii	2576223	98.0	1.31	2466	Furfurilactobacillus milii
GCF_013394005.1	Furfurilactobacillus	rossiae	2795601	98.0	1.96	2638	Furfurilactobacillus rossiae
GCF_007989765.1	Furfurilactobacillus	siliginis	2038617	98.91	0.74	2059	Furfurilactobacillus siliginis
GCF_002847845.2	Globicatella	sanguinis	2622382	98.85	1.67	2318	Globicatella sanguinis
GCF_900167405.1	Globicatella	sulfidifaciens	2217574	98.72		2009	Globicatella sulfidifaciens
GCF_019931005.1	Granulicatella	adiacens	1965420	99.6	0.06	1942	Granulicatella adiacens
GCF_900111135.1	Granulicatella	balaenopterae	2135967	74.82	9.35	1979	Granulicatella balaenopterae
GCF_000162475.2	Granulicatella	elegans	1743361	89.0	1.39	1634	Granulicatella elegans
GCF_001436605.1	Holzapfeliella	floricola	1289346	96.14	1.31	1303	Holzapfeliella floricola
GCF_000518205.1	Hutsoniella	sourekii	2067037	98.46		2015	Hutsoniella sourekii
GCF_023195815.2	Ignavigranum	ruoffiae	1949382	97.78	1.09	1858	Ignavigranum ruoffiae
GCF_900111355.1	Isobaculum	melis	2821134	97.29	9.26	2772	Isobaculum melis
GCF_011100465.1	Jeotgalibaca	arthritidis	2348096	98.66	3.98	2355	Jeotgalibaca arthritidis
GCF_003955755.1	Jeotgalibaca	ciconiae	2950593	99.32	3.13	2770	Jeotgalibaca ciconiae
GCF_001263715.1	Jeotgalibaca	dankookensis	2034570	98.6	2.57	2083	Jeotgalibaca dankookensis
GCF_011299095.1	Jeotgalibaca	porci	2350884	97.12	2.07	2370	Jeotgalibaca porci
GCF_013407595.1	Lacticaseibacillus	absianus	2843141	93.97	1.25	2748	Lacticaseibacillus absianus
GCF_003946165.1	Lacticaseibacillus	baoqingensis	2864583	98.69	1.61	2795	Lacticaseibacillus baoqingensis
GCF_001436115.1	Lacticaseibacillus	brantae	1929842	99.02		1938	Lacticaseibacillus brantae
GCF_001436615.1	Lacticaseibacillus	camelliae	2562179	98.15	1.17	2522	Lacticaseibacillus camelliae
GCF_000829055.1	Lacticaseibacillus	casei	2952961	87.42	1.33	2882	Lacticaseibacillus casei
GCF_018363075.1	Lacticaseibacillus	chiayiensis	2855405	97.28		2738	Lacticaseibacillus chiayiensis
GCF_003946115.1	Lacticaseibacillus	daqingensis	2738087	98.31	1.58	2684	Lacticaseibacillus daqingensis
GCF_003946465.1	Lacticaseibacillus	hegangensis	2501322	99.02	0.93	2484	Lacticaseibacillus hegangensis
GCF_004010095.1	Lacticaseibacillus	hulanensis	2355647	92.4	1.72	2181	Lacticaseibacillus hulanensis
GCF_003946485.1	Lacticaseibacillus	jixianensis	2468902	99.18	1.03	2297	Lacticaseibacillus jixianensis
GCF_020180945.1	Lacticaseibacillus	kribbianus	2794094	92.97	0.44	2616	Lacticaseibacillus kribbianus
GCF_009184845.1	Lacticaseibacillus	manihotivorans	3458698	98.43	0.76	3448	Lacticaseibacillus manihotivorans
GCF_016861765.1	Lacticaseibacillus	mingshuiensis	2790662	98.51	0.63	2555	Lacticaseibacillus mingshuiensis
GCF_001434705.1	Lacticaseibacillus	nasuensis	2280237	98.8	0.95	2248	Lacticaseibacillus nasuensis
GCF_001591865.1	Lacticaseibacillus	pantheris	2478657	98.8	1.17	2313	Lacticaseibacillus pantheris
GCF_000155515.2	Lacticaseibacillus	paracasei	3025352	99.09	0.74	2953	Lacticaseibacillus paracasei
GCF_025490915.1	Lacticaseibacillus	parakribbianus	2820553	91.99	0.44	2613	Lacticaseibacillus parakribbianus
GCF_003946305.1	Lacticaseibacillus	porcinae	2838071	99.35	0.84	2732	Lacticaseibacillus porcinae
GCF_006151905.1	Lacticaseibacillus	rhamnosus	2941522	98.77	0.75	2733	Lacticaseibacillus rhamnosus
GCF_001437465.1	Lacticaseibacillus	saniviri	2435824	98.26	0.54	2511	Lacticaseibacillus saniviri
GCF_001436225.1	Lacticaseibacillus	sharpeae	2444304	97.3	0.74	2401	Lacticaseibacillus sharpeae
GCF_003946025.1	Lacticaseibacillus	songhuajiangensis	2605895	99.02	1.72	2395	Lacticaseibacillus songhuajiangensis
GCF_003946175.1	Lacticaseibacillus	suibinensis	2560295	99.13	0.76	2581	Lacticaseibacillus suibinensis
GCF_016861845.1	Lacticaseibacillus	suilingensis	2705176	99.35	1.5	2637	Lacticaseibacillus suilingensis
GCF_001436135.1	Lacticaseibacillus	thailandensis	2060676	98.8	0.98	1916	Lacticaseibacillus thailandensis
GCF_003946405.1	Lacticaseibacillus	yichunensis	2558704	98.51	0.63	2354	Lacticaseibacillus yichunensis
GCF_900492555.1	Lacticaseibacillus	zeae	3073411	99.35	0.76	2895	Lacticaseibacillus zeae
GCF_009687905.1	Lacticaseibacillus	zhaodongensis	2444625	99.16	1.06	2264	Lacticaseibacillus zhaodongensis
GCF_000425865.1	Lacticigenium	naphthae	2134509	99.32	0.51	1995	Lacticigenium naphthae
GCF_007991855.1	Lactiplantibacillus	argentoratensis	3128971	99.35	1.39	2991	Lactiplantibacillus argentoratensis
GCF_005405005.1	Lactiplantibacillus	daoliensis	2632925	99.35	0.74	2463	Lactiplantibacillus daoliensis
GCF_005405085.1	Lactiplantibacillus	daowaiensis	2851257	89.54	0.65	2799	Lactiplantibacillus daowaiensis
GCF_005405105.1	Lactiplantibacillus	dongliensis	3107413	99.02	2.04	2906	Lactiplantibacillus dongliensis
GCF_000565485.1	Lactiplantibacillus	fabifermentans	3580413	99.02	1.96	3432	Lactiplantibacillus fabifermentans
GCF_003885105.1	Lactiplantibacillus	garii	2972201	99.35	0.74	2898	Lactiplantibacillus garii
GCF_001039045.1	Lactiplantibacillus	herbarum	2899876	96.16	2.37	2840	Lactiplantibacillus herbarum
GCF_005405425.1	Lactiplantibacillus	modestisalitolerans	2749234	99.02	1.72	2519	Lactiplantibacillus modestisalitolerans
GCF_005405385.1	Lactiplantibacillus	mudanjiangensis	3289607	99.02	1.17	3245	Lactiplantibacillus mudanjiangensis
GCF_005405065.1	Lactiplantibacillus	nangangensis	2901270	99.02	0.74	2770	Lactiplantibacillus nangangensis
GCF_029025825.1	Lactiplantibacillus	paraplantarum	3245144	99.02	2.15	3040	Lactiplantibacillus paraplantarum
GCF_003641185.1	Lactiplantibacillus	pentosus	3671373	99.35	1.88	3358	Lactiplantibacillus pentosus
GCF_005404945.1	Lactiplantibacillus	pingfangensis	2895555	99.35	0.74	2728	Lactiplantibacillus pingfangensis
GCF_005405405.1	Lactiplantibacillus	plajomi	2762064	99.02	1.06	2709	Lactiplantibacillus plajomi
GCF_009913655.1	Lactiplantibacillus	plantarum	3223643	99.02	1.72	3027	Lactiplantibacillus plantarum
GCF_005405125.1	Lactiplantibacillus	songbeiensis	3030001	99.02	2.04	2803	Lactiplantibacillus songbeiensis
GCF_001438845.1	Lactiplantibacillus	xiangfangensis	2989578	99.02	1.72	2833	Lactiplantibacillus xiangfangensis
GCF_008831485.1	Lactobacillus	acetotolerans	1683905	97.98	0.7	1658	Lactobacillus acetotolerans
GCF_000389675.2	Lactobacillus	acidophilus	1991579	96.77	0.51	1925	Lactobacillus acidophilus
GCF_943193025.1	Lactobacillus	agrestimuris	1877841	97.53	0.16	1768	Lactobacillus agrestimuris
GCF_003999355.1	Lactobacillus	amylolyticus	1601193	98.87	0.81	1675	Lactobacillus amylolyticus
GCF_000194115.1	Lactobacillus	amylovorus	1977087	97.04	0.38	2015	Lactobacillus amylovorus
GCF_003150935.1	Lactobacillus	apis	1683102	97.74	0.32	1562	Lactobacillus apis
GCF_002916915.1	Lactobacillus	bombicola	1671437	97.42	0.16	1642	Lactobacillus bombicola
GCF_017874575.1	Lactobacillus	colini	2222530	93.74	0.16	2183	Lactobacillus colini
GCF_018327645.1	Lactobacillus	corticis	1805525	98.39	0.16	1797	Lactobacillus corticis
GCF_009769205.1	Lactobacillus	crispatus	2039404	95.69	3.56	2031	Lactobacillus crispatus
GCF_001888925.1	Lactobacillus	delbrueckii	1891796	99.19	1.51	1946	Lactobacillus delbrueckii
GCF_001434815.1	Lactobacillus	equicursoris	2052598	99.03	0.65	2034	Lactobacillus equicursoris
GCF_002160635.1	Lactobacillus	gallinarum	2020091	99.03	0.16	2083	Lactobacillus gallinarum
GCF_008868535.1	Lactobacillus	gasseri	1873142	99.62	0.27	1862	Lactobacillus gasseri
GCF_001436575.1	Lactobacillus	gigeriorum	1906034	98.39	0.16	1922	Lactobacillus gigeriorum
GCF_001434515.1	Lactobacillus	hamsteri	1837804	98.39	0.24	1821	Lactobacillus hamsteri
GCF_003173695.1	Lactobacillus	helsingborgensis	1867232	98.06	0.65	1757	Lactobacillus helsingborgensis
GCF_003053085.1	Lactobacillus	helveticus	2055814	98.95	0.12	2242	Lactobacillus helveticus
GCF_000296835.1	Lactobacillus	hominis	1928135	96.43	0.16	1934	Lactobacillus hominis
GCF_019972855.1	Lactobacillus	huangpiensis	1897085	97.74	0.16	1853	Lactobacillus huangpiensis
GCF_009556455.1	Lactobacillus	iners	1363099	99.56	0.4	1313	Lactobacillus iners
GCF_024397795.1	Lactobacillus	intestinalis	2038712	99.03	0.16	1924	Lactobacillus intestinalis
GCF_001936235.1	Lactobacillus	jensenii	1672949	97.6	1.44	1637	Lactobacillus jensenii
GCF_014058685.1	Lactobacillus	johnsonii	1951416	95.35	0.81	1875	Lactobacillus johnsonii
GCF_001434335.1	Lactobacillus	kalixensis	2078190	99.03	0.81	2012	Lactobacillus kalixensis
GCF_014656585.1	Lactobacillus	kefiranofaciens	2173634	98.39	0.16	2159	Lactobacillus kefiranofaciens
GCF_000970755.1	Lactobacillus	kimbladii	2186983	97.74	0.78	2042	Lactobacillus kimbladii
GCF_001434435.1	Lactobacillus	kitasatonis	1911334	99.03	0.16	1995	Lactobacillus kitasatonis
GCF_003151025.1	Lactobacillus	kullabergensis	2018944	97.74	0.48	1896	Lactobacillus kullabergensis
GCF_019972835.1	Lactobacillus	laiwuensis	2053477	97.74	0.3	1963	Lactobacillus laiwuensis
GCF_024701915.1	Lactobacillus	leichmannii	1820371	99.03	0.16	1832	Lactobacillus leichmannii
GCF_000970775.1	Lactobacillus	melliventris	2116151	97.74	0.99	2039	Lactobacillus melliventris
GCF_026184115.1	Lactobacillus	mulieris	1742939	98.71	0.23	1668	Lactobacillus mulieris
GCF_016587815.1	Lactobacillus	nasalidis	2362923	97.44	2.26	2691	Lactobacillus nasalidis
GCF_019469265.1	Lactobacillus	panisapium	2188116	97.74	0.4	2072	Lactobacillus panisapium
GCF_005886075.1	Lactobacillus	paragasseri	2030305	97.9	0.16	2003	Lactobacillus paragasseri
GCF_000297025.1	Lactobacillus	pasteurii	1905398	98.39	0.16	1883	Lactobacillus pasteurii
GCF_009695985.1	Lactobacillus	porci	2188901	98.67	0.16	2130	Lactobacillus porci
GCF_000425905.1	Lactobacillus	psittaci	1542852	98.06	0.16	1407	Lactobacillus psittaci
GCF_024622425.1	Lactobacillus	rodentium	1505119	91.24	0.16	1477	Lactobacillus rodentium
GCF_001437205.1	Lactobacillus	selangorensis	2086969	98.15	0.98	2133	Lactobacillus selangorensis
GCF_017894345.1	Lactobacillus	taiwanensis	2041763	98.71	0.34	2041	Lactobacillus taiwanensis
GCF_002762335.1	Lactobacillus	terrae	1548794	97.34	0.16	1626	Lactobacillus terrae
GCF_016647595.1	Lactobacillus	ultunensis	2246389	99.03	0.81	2213	Lactobacillus ultunensis
GCF_004009905.1	Lactobacillus	xujianguonis	2215780	99.68	0.16	2311	Lactobacillus xujianguonis
GCF_003627095.1	Lactococcus	allomyrinae	2758410	94.07	1.9	2681	Lactococcus allomyrinae
GCF_006770265.1	Lactococcus	carnosus	2156377	89.0	3.86	2102	Lactococcus carnosus
GCF_002441885.1	Lactococcus	chungangensis	2203491	90.19	3.3	2224	Lactococcus chungangensis
GCF_000468955.1	Lactococcus	cremoris	2427048	99.86	1.11	2359	Lactococcus cremoris
GCF_018403745.1	Lactococcus	formosensis	2117277	99.58	2.18	2082	Lactococcus formosensis
GCF_002441655.1	Lactococcus	fujiensis	2075869	92.97	3.89	2071	Lactococcus fujiensis
GCF_016026695.1	Lactococcus	garvieae	2084337	94.67	9.5	2110	Lactococcus garvieae
GCF_009601015.1	Lactococcus	hircilactis	2563666	90.39	4.21	2592	Lactococcus hircilactis
GCF_011170085.1	Lactococcus	hodotermopsidis	2297451	85.85	2.79	2228	Lactococcus hodotermopsidis
GCF_943193185.1	Lactococcus	ileimucosae	2259956	95.94	2.31	2154	Lactococcus ileimucosae
GCF_011170065.1	Lactococcus	insecticola	1979452	88.34	2.63	1927	Lactococcus insecticola
GCF_020463755.1	Lactococcus	lactis	2426597	99.27	0.51	2391	Lactococcus lactis
GCF_013449735.1	Lactococcus	laudensis	2296468	89.09	3.8	2331	Lactococcus laudensis
GCF_943192955.1	Lactococcus	muris	2215235	96.15	1.85	2112	Lactococcus muris
GCF_018403765.1	Lactococcus	nasutitermitis	2189889	92.25	1.65	2161	Lactococcus nasutitermitis
GCF_006770285.1	Lactococcus	paracarnosus	2265140	89.85	2.99	2247	Lactococcus paracarnosus
GCF_023499275.1	Lactococcus	petauri	2106259	100.0	1.4	2056	Lactococcus petauri
GCF_002441695.1	Lactococcus	piscium	2405003	90.45	3.86	2384	Lactococcus piscium
GCF_001591745.1	Lactococcus	plantarum	1977763	89.96	2.82	1900	Lactococcus plantarum
GCF_006965445.1	Lactococcus	protaetiae	2696018	83.84	2.08	2628	Lactococcus protaetiae
GCF_002310475.1	Lactococcus	raffinolactis	2292235	91.25	4.42	2283	Lactococcus raffinolactis
GCF_002260845.1	Lactococcus	reticulitermitis	2169598	89.48	4.41	2167	Lactococcus reticulitermitis
GCF_017068355.1	Lactococcus	taiwanensis	1995099	97.0	0.71	1967	Lactococcus taiwanensis
GCF_003116835.1	Lactococcus	termiticola	1734781	91.91	0.73	1693	Lactococcus termiticola
GCF_014202895.1	Lactovum	miscens	1755291	93.2	1.18	1678	Lactovum miscens
GCF_003946655.1	Lapidilactobacillus	achengensis	2639237	98.83	0.08	2534	Lapidilactobacillus achengensis
GCF_003946695.1	Lapidilactobacillus	bayanensis	2430829	98.61	1.39	2281	Lapidilactobacillus bayanensis
GCF_007989025.1	Lapidilactobacillus	concavus	1858186	99.35	0.16	1781	Lapidilactobacillus concavus
GCF_008831385.1	Lapidilactobacillus	dextrinicus	1836976	98.47	1.52	1810	Lapidilactobacillus dextrinicus
GCF_003946675.1	Lapidilactobacillus	gannanensis	2393386	98.96	0.3	2232	Lapidilactobacillus gannanensis
GCF_024345205.1	Lapidilactobacillus	luobeiensis	2556416	98.94	0.33	2252	Lapidilactobacillus luobeiensis
GCF_003946215.1	Lapidilactobacillus	mulanensis	2318206	99.35	1.8	2132	Lapidilactobacillus mulanensis
GCF_003946645.1	Lapidilactobacillus	wuchangensis	2533661	99.29	0.33	2333	Lapidilactobacillus wuchangensis
GCF_004101845.1	Latilactobacillus	curvatus	1916521	98.69	0.74	1987	Latilactobacillus curvatus
GCF_905332535.1	Latilactobacillus	fragifolii	1957595	98.69		2000	Latilactobacillus fragifolii
GCF_900258455.1	Latilactobacillus	fuchuensis	2045293	97.72	1.31	1977	Latilactobacillus fuchuensis
GCF_009025875.1	Latilactobacillus	graminis	1807083	96.41	0.08	1777	Latilactobacillus graminis
GCF_009676365.1	Latilactobacillus	sakei	2018071	98.69		2027	Latilactobacillus sakei
GCF_018314255.1	Lentilactobacillus	buchneri	2537205	99.49	0.13	2463	Lentilactobacillus buchneri
GCF_000785105.2	Lentilactobacillus	curieae	2095860	99.35		2054	Lentilactobacillus curieae
GCF_001434255.1	Lentilactobacillus	diolivorans	3261379	99.02	0.11	3073	Lentilactobacillus diolivorans
GCF_001435875.1	Lentilactobacillus	farraginis	2859511	99.35	0.33	2853	Lentilactobacillus farraginis
GCF_016860605.1	Lentilactobacillus	fungorum	2917093	99.35		2704	Lentilactobacillus fungorum
GCF_009832765.1	Lentilactobacillus	hilgardii	3190226	99.35	0.65	3053	Lentilactobacillus hilgardii
GCF_009739535.1	Lentilactobacillus	kefiri	2489034	99.35	0.33	2423	Lentilactobacillus kefiri
GCF_001434135.1	Lentilactobacillus	kisonensis	3006215	99.35		2812	Lentilactobacillus kisonensis
GCF_003864335.1	Lentilactobacillus	kosonis	1971719	64.25	1.06	2237	Lentilactobacillus kosonis
GCF_013184075.1	Lentilactobacillus	kribbianus	1509660	92.63	1.06	1563	Lentilactobacillus kribbianus
GCF_020616595.1	Lentilactobacillus	laojiaonis	1242019	96.51	0.41	1286	Lentilactobacillus laojiaonis
GCF_001434145.1	Lentilactobacillus	otakiensis	2346188	98.86		2306	Lentilactobacillus otakiensis
GCF_014879295.1	Lentilactobacillus	parabuchneri	2530379	98.96	0.65	2373	Lentilactobacillus parabuchneri
GCF_005864225.1	Lentilactobacillus	parafarraginis	2963205	98.96	0.22	2896	Lentilactobacillus parafarraginis
GCF_002276885.1	Lentilactobacillus	parakefiri	2495148	99.02	0.02	2456	Lentilactobacillus parakefiri
GCF_900411375.1	Lentilactobacillus	raoultii	3070030	98.69	0.33	2891	Lentilactobacillus raoultii
GCF_001436255.1	Lentilactobacillus	rapi	2854844	99.02		2698	Lentilactobacillus rapi
GCF_001436555.1	Lentilactobacillus	senioris	1566789	99.35	1.06	1625	Lentilactobacillus senioris
GCF_001766745.1	Lentilactobacillus	sunkii	2794637	98.8		2720	Lentilactobacillus sunkii
GCF_007954525.1	Leuconostoc	carnosum	1701333	98.8		1735	Leuconostoc carnosum
GCF_007954785.1	Leuconostoc	citreum	1903250	99.61	1.11	1948	Leuconostoc citreum
GCF_025211425.1	Leuconostoc	falkenbergense	2149262	98.8		2207	Leuconostoc falkenbergense
GCF_004354645.1	Leuconostoc	fallax	1660517	97.28	1.83	1703	Leuconostoc fallax
GCF_000196855.1	Leuconostoc	gasicomitatum	1954080	99.22		1973	Leuconostoc gasicomitatum
GCF_000298875.1	Leuconostoc	gelidum	1893499	97.6	0.31	1879	Leuconostoc gelidum
GCF_019655995.1	Leuconostoc	holzapfelii	1755314	99.13	0.83	1763	Leuconostoc holzapfelii
GCF_019656015.1	Leuconostoc	inhae	1963716	99.13	1.17	1960	Leuconostoc inhae
GCF_000092505.1	Leuconostoc	kimchii	2101787	98.25	0.06	2144	Leuconostoc kimchii
GCF_007954605.1	Leuconostoc	lactis	1791608	99.31	1.49	1820	Leuconostoc lactis
GCF_008107645.1	Leuconostoc	litchii	1865857	99.91	0.62	1875	Leuconostoc litchii
GCF_009913915.1	Leuconostoc	mesenteroides	2058732	99.48	2.31	2082	Leuconostoc mesenteroides
GCF_019656055.1	Leuconostoc	miyukkimchii	1913501	99.22	0.94	1914	Leuconostoc miyukkimchii
GCF_019656075.1	Leuconostoc	palmae	1385869	97.13	0.08	1420	Leuconostoc palmae
GCF_016127255.1	Leuconostoc	pseudomesenteroides	2114657	98.76	0.68	2127	Leuconostoc pseudomesenteroides
GCF_019656095.1	Leuconostoc	rapi	1923217	98.85	1.81	1952	Leuconostoc rapi
GCF_900289205.1	Leuconostoc	suionicum	2069029	98.71	0.12	2078	Leuconostoc suionicum
GCF_001434835.1	Levilactobacillus	acidifarinae	2918319	99.18	0.65	2816	Levilactobacillus acidifarinae
GCF_016861695.1	Levilactobacillus	andaensis	3046330	99.02	0.08	2814	Levilactobacillus andaensis
GCF_003946085.1	Levilactobacillus	angrenensis	2797786	99.35	0.08	2642	Levilactobacillus angrenensis
GCF_003124125.1	Levilactobacillus	bambusae	1966274	98.69	0.75	1987	Levilactobacillus bambusae
GCF_003813165.1	Levilactobacillus	brevis	2529623	98.46	3.45	2479	Levilactobacillus brevis
GCF_003946245.1	Levilactobacillus	cerevisiae	3375178	99.29	1.08	3162	Levilactobacillus cerevisiae
GCF_007115095.1	Levilactobacillus	enshiensis	3065260	99.35	1.39	2930	Levilactobacillus enshiensis
GCF_003946335.1	Levilactobacillus	fujinensis	3007089	99.02	0.84	2793	Levilactobacillus fujinensis
GCF_003946395.1	Levilactobacillus	fuyuanensis	2718279	99.02		2529	Levilactobacillus fuyuanensis
GCF_001434395.1	Levilactobacillus	hammesii	2815465	99.02	0.11	2611	Levilactobacillus hammesii
GCF_003946145.1	Levilactobacillus	huananensis	2290968	99.35		2198	Levilactobacillus huananensis
GCF_024345185.1	Levilactobacillus	humaensis	2370332	99.35		2247	Levilactobacillus humaensis
GCF_001050435.1	Levilactobacillus	koreensis	3006812	99.35	0.74	2694	Levilactobacillus koreensis
GCF_016861655.1	Levilactobacillus	lanxiensis	3029779	99.29	0.87	2752	Levilactobacillus lanxiensis
GCF_003946095.1	Levilactobacillus	lindianensis	2331658	99.29		2278	Levilactobacillus lindianensis
GCF_003946045.1	Levilactobacillus	mulengensis	3110930	99.29	0.87	2846	Levilactobacillus mulengensis
GCF_007992015.1	Levilactobacillus	namurensis	2455734	100.0		2276	Levilactobacillus namurensis
GCF_001434055.1	Levilactobacillus	parabrevis	2614213	99.35		2419	Levilactobacillus parabrevis
GCF_001437125.1	Levilactobacillus	paucivorans	2362603	99.13		2316	Levilactobacillus paucivorans
GCF_001592085.1	Levilactobacillus	senmaizukei	2209656	98.37		2176	Levilactobacillus senmaizukei
GCF_000965255.1	Levilactobacillus	spicheri	2855212	99.35		2673	Levilactobacillus spicheri
GCF_014069315.1	Levilactobacillus	suantsaii	2661801	98.69	0.65	2568	Levilactobacillus suantsaii
GCF_004745505.1	Levilactobacillus	suantsaiihabitans	2870222	99.35	0.08	2577	Levilactobacillus suantsaiihabitans
GCF_003946545.1	Levilactobacillus	tangyuanensis	2185757	98.69		2107	Levilactobacillus tangyuanensis
GCF_003946345.1	Levilactobacillus	tongjiangensis	2718164	99.35	0.65	2556	Levilactobacillus tongjiangensis
GCF_022509905.1	Levilactobacillus	tujiorum	2586339	93.48	0.02	2455	Levilactobacillus tujiorum
GCF_016861585.1	Levilactobacillus	wangkuiensis	3071270	99.29	0.87	2816	Levilactobacillus wangkuiensis
GCF_024718525.1	Levilactobacillus	yiduensis	3024528	99.35	0.08	2866	Levilactobacillus yiduensis
GCF_003946265.1	Levilactobacillus	yonginensis	2693691	99.35	0.65	2491	Levilactobacillus yonginensis
GCF_009295845.1	Levilactobacillus	zymae	2825994	99.24	0.65	2632	Levilactobacillus zymae
GCF_900116935.1	Ligilactobacillus	acidipiscis	2607423	98.37	0.87	2450	Ligilactobacillus acidipiscis
GCF_025311475.1	Ligilactobacillus	agilis	2162388	98.37	0.44	2145	Ligilactobacillus agilis
GCF_009933595.1	Ligilactobacillus	animalis	1906794	98.99		1897	Ligilactobacillus animalis
GCF_001434405.1	Ligilactobacillus	apodemi	2091181	99.14	0.33	2114	Ligilactobacillus apodemi
GCF_001435375.1	Ligilactobacillus	araffinosus	1475258	98.91	0.54	1469	Ligilactobacillus araffinosus
GCF_001436315.1	Ligilactobacillus	aviarius	1680526	99.24	1.53	1649	Ligilactobacillus aviarius
GCF_000423245.1	Ligilactobacillus	ceti	1385752	97.71	1.09	1337	Ligilactobacillus ceti
GCF_000504525.1	Ligilactobacillus	equi	2175589	99.02	1.63	2240	Ligilactobacillus equi
GCF_029889745.1	Ligilactobacillus	faecis	2382213	98.94	0.49	2186	Ligilactobacillus faecis
GCF_001434455.1	Ligilactobacillus	hayakitensis	1685542	97.06		1725	Ligilactobacillus hayakitensis
GCF_003288115.1	Ligilactobacillus	murinus	2290452	99.05		2292	Ligilactobacillus murinus
GCF_022836475.1	Ligilactobacillus	pabuli	2348930	98.31	0.22	2244	Ligilactobacillus pabuli
GCF_007991295.1	Ligilactobacillus	pobuzihii	2326724	98.37	0.87	2182	Ligilactobacillus pobuzihii
GCF_000224985.1	Ligilactobacillus	ruminis	2066652	97.06	0.44	2070	Ligilactobacillus ruminis
GCF_000317165.1	Ligilactobacillus	saerimneri	1633986	97.6	0.98	1608	Ligilactobacillus saerimneri
GCF_003864415.1	Ligilactobacillus	salitolerans	2529335	98.37	1.11	2523	Ligilactobacillus salitolerans
GCF_900094615.1	Ligilactobacillus	salivarius	2033361	97.04	1.8	2030	Ligilactobacillus salivarius
GCF_024160875.1	Ligilactobacillus	ubinensis	2589491	98.69	1.63	2508	Ligilactobacillus ubinensis
GCF_943193105.1	Limosilactobacillus	agrestimuris	1873876	99.35	0.65	1881	Limosilactobacillus agrestimuris
GCF_021168665.1	Limosilactobacillus	agrestis	1889861	92.41		1910	Limosilactobacillus agrestis
GCF_021168615.1	Limosilactobacillus	albertensis	2354350	90.88	0.65	2334	Limosilactobacillus albertensis
GCF_016900115.1	Limosilactobacillus	alvi	1927291	94.76	0.46	1898	Limosilactobacillus alvi
GCF_000160835.1	Limosilactobacillus	antri	2302896	99.35	0.08	2197	Limosilactobacillus antri
GCF_014836425.1	Limosilactobacillus	avistercoris	1801657	99.35		1824	Limosilactobacillus avistercoris
GCF_014145615.1	Limosilactobacillus	balticus	2088966	93.63	1.31	2045	Limosilactobacillus balticus
GCF_900156885.1	Limosilactobacillus	caccae	2237367	99.35		2108	Limosilactobacillus caccae
GCF_943192935.1	Limosilactobacillus	caecicola	1694529	99.35		1704	Limosilactobacillus caecicola
GCF_014635905.1	Limosilactobacillus	caviae	2308498	99.35		2259	Limosilactobacillus caviae
GCF_001435245.1	Limosilactobacillus	equigenerosi	1599963	97.71	0.41	1615	Limosilactobacillus equigenerosi
GCF_021168825.1	Limosilactobacillus	fastidiosus	1719294	91.44		1707	Limosilactobacillus fastidiosus
GCF_029961225.1	Limosilactobacillus	fermentum	2103331	96.39	3.04	2148	Limosilactobacillus fermentum
GCF_008876665.1	Limosilactobacillus	frumenti	1752928	99.35		1755	Limosilactobacillus frumenti
GCF_001434365.1	Limosilactobacillus	gastricus	1848461	97.41	0.63	1884	Limosilactobacillus gastricus
GCF_001293735.1	Limosilactobacillus	gorillae	1641621	99.02		1639	Limosilactobacillus gorillae
GCF_000312405.1	Limosilactobacillus	ingluviei	2013830	98.37	1.06	1986	Limosilactobacillus ingluviei
GCF_026413145.1	Limosilactobacillus	kribbianus	2110954	91.99	1.31	2079	Limosilactobacillus kribbianus
GCF_014898655.1	Limosilactobacillus	mucosae	2140145	90.52		2027	Limosilactobacillus mucosae
GCF_025311495.1	Limosilactobacillus	oris	2007883	99.35	0.41	1984	Limosilactobacillus oris
GCF_001435935.1	Limosilactobacillus	panis	2006512	98.8	0.74	1993	Limosilactobacillus panis
GCF_009428965.1	Limosilactobacillus	pontis	1714771	98.95		1735	Limosilactobacillus pontis
GCF_028607025.1	Limosilactobacillus	portuensis	1990713	99.35	0.65	2017	Limosilactobacillus portuensis
GCF_003703885.1	Limosilactobacillus	reuteri	2220255	98.55	3.93	2142	Limosilactobacillus reuteri
GCF_021168575.1	Limosilactobacillus	rudii	2307125	91.4	0.65	2295	Limosilactobacillus rudii
GCF_001437055.1	Limosilactobacillus	secaliphilus	1646143	97.71	0.65	1558	Limosilactobacillus secaliphilus
GCF_932750685.1	Limosilactobacillus	urinaemulieris	1851772	98.8	0.65	1752	Limosilactobacillus urinaemulieris
GCF_025311515.1	Limosilactobacillus	vaginalis	1883554	99.35		1841	Limosilactobacillus vaginalis
GCF_014830205.1	Limosilactobacillus	walteri	2234040	90.23	0.65	2200	Limosilactobacillus walteri
GCF_001436755.1	Liquorilactobacillus	aquaticus	2407726	98.8	0.33	2283	Liquorilactobacillus aquaticus
GCF_001436735.1	Liquorilactobacillus	cacaonum	1919106	98.69		1885	Liquorilactobacillus cacaonum
GCF_001434915.1	Liquorilactobacillus	capillatus	2232918	99.02	1.2	2177	Liquorilactobacillus capillatus
GCF_001435235.1	Liquorilactobacillus	ghanensis	2605329	99.02	3.05	2486	Liquorilactobacillus ghanensis
GCF_019443985.1	Liquorilactobacillus	hordei	2440903	98.04	0.08	2437	Liquorilactobacillus hordei
GCF_009184705.1	Liquorilactobacillus	mali	2611959	97.66	0.65	2582	Liquorilactobacillus mali
GCF_019444005.1	Liquorilactobacillus	nagelii	2563476	99.35	2.07	2567	Liquorilactobacillus nagelii
GCF_001436275.1	Liquorilactobacillus	oeni	2117633	99.35	0.65	2059	Liquorilactobacillus oeni
GCF_001435195.1	Liquorilactobacillus	satsumensis	2639652	99.35	0.87	2512	Liquorilactobacillus satsumensis
GCF_029916425.1	Liquorilactobacillus	sicerae	2426367	93.73	2.4	2603	Liquorilactobacillus sicerae
GCF_001436705.1	Liquorilactobacillus	sucicola	2459509	99.02		2307	Liquorilactobacillus sucicola
GCF_001434935.1	Liquorilactobacillus	uvarum	2686405	99.35	1.63	2667	Liquorilactobacillus uvarum
GCF_001435395.1	Liquorilactobacillus	vini	2238031	96.62	0.22	2278	Liquorilactobacillus vini
GCF_001663675.1	Loigolactobacillus	backii	2851935	99.33	3.92	2668	Loigolactobacillus backii
GCF_009650015.1	Loigolactobacillus	bifermentans	3274863	99.35	3.81	3233	Loigolactobacillus bifermentans
GCF_005405165.1	Loigolactobacillus	binensis	2845990	99.35	4.55	2772	Loigolactobacillus binensis
GCF_002706425.1	Loigolactobacillus	coryniformis	2951508	98.35	4.6	2855	Loigolactobacillus coryniformis
GCF_003950295.1	Loigolactobacillus	iwatensis	2622292	99.33	4.58	2421	Loigolactobacillus iwatensis
GCF_003946445.1	Loigolactobacillus	jiayinensis	3038278	99.0	5.86	2979	Loigolactobacillus jiayinensis
GCF_001436505.1	Loigolactobacillus	rennini	2269330	99.35	3.21	2300	Loigolactobacillus rennini
GCF_003946385.1	Loigolactobacillus	zhaoyuanensis	2698660	99.33	5.31	2687	Loigolactobacillus zhaoyuanensis
GCF_017599325.1	Marinilactibacillus	kalidii	2618466	94.6	3.72	2544	Marinilactibacillus kalidii
GCF_900114235.1	Marinilactibacillus	piezotolerans	2554689	97.34	4.75	2489	Marinilactibacillus piezotolerans
GCF_007989385.1	Marinilactibacillus	psychrotolerans	2482538	97.29	1.78	2379	Marinilactibacillus psychrotolerans
GCF_003966875.1	Melissococcus	plutonius	2067831	94.47		1777	Melissococcus plutonius
GCF_023380205.1	Nicoliella	spurrieriana	2053587	97.16		1732	Nicoliella spurrieriana
GCF_000241055.1	Oenococcus	kitaharae	1842238	98.16	0.07	1874	Oenococcus kitaharae
GCF_020510245.1	Oenococcus	oeni	1892074	99.02	0.89	1970	Oenococcus oeni
GCF_004102045.2	Oenococcus	sicerae	1664394	89.87	2.52	1703	Oenococcus sicerae
GCF_000829395.1	Paucilactobacillus	hokkaidonensis	2400586	99.29	1.63	2388	Paucilactobacillus hokkaidonensis
GCF_005405145.1	Paucilactobacillus	kaifaensis	1751927	72.63	0.22	1775	Paucilactobacillus kaifaensis
GCF_008632615.1	Paucilactobacillus	nenjiangensis	2249893	99.35	0.98	2285	Paucilactobacillus nenjiangensis
GCF_900015005.1	Paucilactobacillus	oligofermentans	1845483	98.69	0.11	1851	Paucilactobacillus oligofermentans
GCF_001434475.1	Paucilactobacillus	suebicus	2651315	98.69		2557	Paucilactobacillus suebicus
GCF_001436295.1	Paucilactobacillus	vaccinostercus	2559201	99.35	0.41	2516	Paucilactobacillus vaccinostercus
GCF_000876205.1	Paucilactobacillus	wasatchensis	1904253	99.26	0.33	1904	Paucilactobacillus wasatchensis
GCF_013127755.1	Pediococcus	acidilactici	2044083	97.71	1.57	2008	Pediococcus acidilactici
GCF_001437605.1	Pediococcus	argentinicus	1764961	91.34	3.38	1843	Pediococcus argentinicus
GCF_001438655.1	Pediococcus	cellicola	2038400	87.27	7.64	1991	Pediococcus cellicola
GCF_001702215.1	Pediococcus	claussenii	1950035	99.76	1.07	1947	Pediococcus claussenii
GCF_001611155.1	Pediococcus	damnosus	2173661	89.31	7.13	2081	Pediococcus damnosus
GCF_001437405.1	Pediococcus	ethanolidurans	2260906	91.8	9.33	2195	Pediococcus ethanolidurans
GCF_002982135.1	Pediococcus	inopinatus	2312041	91.9	9.73	2331	Pediococcus inopinatus
GCF_007990205.1	Pediococcus	parvulus	1968745	90.37	5.6	1929	Pediococcus parvulus
GCF_000014505.1	Pediococcus	pentosaceus	1832387	98.74	0.59	1816	Pediococcus pentosaceus
GCF_001437075.1	Pediococcus	stilesii	1837953	97.51	4.82	1869	Pediococcus stilesii
GCF_025211165.1	Periweissella	beninensis	1772829	96.33	0.33	1805	Periweissella beninensis
GCF_004358325.1	Periweissella	cryptocerci	3020651	97.26	1.45	2758	Periweissella cryptocerci
GCF_012396505.1	Periweissella	fabalis	1962451	92.69	0.44	1977	Periweissella fabalis
GCF_918814575.1	Periweissella	fabaria	1926695	96.39	0.87	1953	Periweissella fabaria
GCF_918814755.1	Periweissella	ghanensis	1988014	95.62	0.76	2006	Periweissella ghanensis
GCF_027923585.1	Philodulcilactobacillus	myokoensis	1672155	96.02	0.33	1678	Philodulcilactobacillus myokoensis
GCF_900167335.1	Pilibacter	termitis	2794241	92.76	2.87	2759	Pilibacter termitis
GCF_900113675.1	Pisciglobus	halotolerans	2437433	98.69	1.14	2302	Pisciglobus halotolerans
GCF_014049385.1	Ruoffia	halotolerans	2262567	93.76	0.54	2197	Ruoffia halotolerans
GCF_005864045.1	Ruoffia	tabacinasalis	2518736	97.78	1.67	2497	Ruoffia tabacinasalis
GCF_008694105.1	Schleiferilactobacillus	harbinensis	3290626	97.53	1.82	3268	Schleiferilactobacillus harbinensis
GCF_001435585.1	Schleiferilactobacillus	perolens	3309179	98.51	1.72	3221	Schleiferilactobacillus perolens
GCF_000469325.1	Schleiferilactobacillus	shenzhenensis	3271684	98.21	1.82	3034	Schleiferilactobacillus shenzhenensis
GCF_022509925.1	Secundilactobacillus	angelensis	2617371	93.45	0.08	2541	Secundilactobacillus angelensis
GCF_001623425.1	Secundilactobacillus	collinoides	3707616	97.93	1.63	3414	Secundilactobacillus collinoides
GCF_009720675.1	Secundilactobacillus	folii	2681617	93.09	0.13	2471	Secundilactobacillus folii
GCF_005405185.1	Secundilactobacillus	hailunensis	2706209	98.47		2549	Secundilactobacillus hailunensis
GCF_001433995.1	Secundilactobacillus	kimchicus	2593269	98.8	0.41	2570	Secundilactobacillus kimchicus
GCF_008033155.1	Secundilactobacillus	malefermentans	2087401	98.47		2077	Secundilactobacillus malefermentans
GCF_002217925.1	Secundilactobacillus	mixtipabuli	2511119	98.47	0.74	2422	Secundilactobacillus mixtipabuli
GCF_001434895.1	Secundilactobacillus	odoratitofui	2751938	98.47	0.41	2476	Secundilactobacillus odoratitofui
GCF_000740055.1	Secundilactobacillus	oryzae	1860394	98.69	0.08	1992	Secundilactobacillus oryzae
GCF_001702155.1	Secundilactobacillus	paracollinoides	3321356	98.28	1.31	3012	Secundilactobacillus paracollinoides
GCF_002217985.1	Secundilactobacillus	pentosiphilus	2723917	98.47	1.06	2679	Secundilactobacillus pentosiphilus
GCF_004354595.1	Secundilactobacillus	silagei	2709771	98.8		2521	Secundilactobacillus silagei
GCF_002583405.1	Secundilactobacillus	silagincola	2617693	97.17	0.74	2495	Secundilactobacillus silagincola
GCF_001436595.1	Secundilactobacillus	similis	3476170	99.13	0.95	3194	Secundilactobacillus similis
GCF_016861565.1	Secundilactobacillus	yichangensis	2703434	98.47	0.41	2549	Secundilactobacillus yichangensis
GCF_900459045.1	Streptococcus	acidominimus	2445682	99.42	1.35	2194	Streptococcus acidominimus
GCF_001552035.1	Streptococcus	agalactiae	2079123	99.61	0.13	2077	Streptococcus agalactiae
GCF_027474505.1	Streptococcus	alactolyticus	1832198	99.81	2.03	1850	Streptococcus alactolyticus
GCF_001412635.1	Streptococcus	anginosus	1924513	99.19	1.74	1954	Streptococcus anginosus
GCF_900636505.1	Streptococcus	australis	2015375	85.88	4.39	1948	Streptococcus australis
GCF_001984705.1	Streptococcus	azizii	2374041	99.23	0.19	2115	Streptococcus azizii
GCF_948472335.1	Streptococcus	bouchesdurhonensis	3766235	99.17	53.02	3847	Streptococcus bouchesdurhonensis
GCF_001885095.1	Streptococcus	bovimastitidis	2075036	99.13	0.58	2126	Streptococcus bovimastitidis
GCF_000379985.1	Streptococcus	caballi	2122044	99.36	0.77	2186	Streptococcus caballi
GCF_943193075.1	Streptococcus	caecimuris	2070888	100.0	0.08	1969	Streptococcus caecimuris
GCF_010993845.2	Streptococcus	canis	2157617	100.0	0.39	2109	Streptococcus canis
GCF_000425025.1	Streptococcus	castoreus	1883536	100.0	0.39	1851	Streptococcus castoreus
GCF_011421455.1	Streptococcus	catagoni	2023813	97.2	0.39	2003	Streptococcus catagoni
GCF_003086355.1	Streptococcus	chenjunshii	2443046	99.61	0.06	2311	Streptococcus chenjunshii
GCF_003626515.1	Streptococcus	chosunense	1902053	99.85		1803	Streptococcus chosunense
GCF_900459125.1	Streptococcus	constellatus	1906855	99.49	0.58	1895	Streptococcus constellatus
GCF_900459215.1	Streptococcus	criceti	2431956	98.46	0.82	2253	Streptococcus criceti
GCF_900475445.1	Streptococcus	cristatus	2000351	99.61		1987	Streptococcus cristatus
GCF_001921845.1	Streptococcus	cuniculi	2094853	100.0	0.48	2060	Streptococcus cuniculi
GCF_007859195.1	Streptococcus	cuniculipharyngis	1511423	96.14	0.45	1527	Streptococcus cuniculipharyngis
GCF_009767945.1	Streptococcus	danieliae	1855621	92.12		1931	Streptococcus danieliae
GCF_000423725.1	Streptococcus	devriesei	2121372	100.0	0.06	2086	Streptococcus devriesei
GCF_000380005.1	Streptococcus	didelphis	1877438	99.49	0.58	1844	Streptococcus didelphis
GCF_900459175.1	Streptococcus	downei	2232110	99.61	0.34	2122	Streptococcus downei
GCF_004353325.1	Streptococcus	downii	1922750	100.0	0.39	1928	Streptococcus downii
GCF_016128095.1	Streptococcus	dysgalactiae	2174327	98.45	0.57	2169	Streptococcus dysgalactiae
GCF_000380025.1	Streptococcus	entericus	2036468	98.23	0.66	2081	Streptococcus entericus
GCF_015689395.1	Streptococcus	equi	2154778	99.23	0.19	2058	Streptococcus equi
GCF_900102715.1	Streptococcus	equinus	1797051	99.78	0.24	1758	Streptococcus equinus
GCF_900475025.1	Streptococcus	ferus	1872314	99.87		1904	Streptococcus ferus
GCF_024170735.1	Streptococcus	gallinaceus	2056015	98.07	0.27	2113	Streptococcus gallinaceus
GCF_013267695.1	Streptococcus	gallolyticus	2258003	97.51	0.26	2265	Streptococcus gallolyticus
GCF_901544385.1	Streptococcus	gordonii	2185555	99.9		2111	Streptococcus gordonii
GCF_003627155.1	Streptococcus	gwangjuense	1972481	99.85	0.06	1943	Streptococcus gwangjuense
GCF_019774635.1	Streptococcus	halichoeri	2026498	98.94		1894	Streptococcus halichoeri
GCF_003143695.2	Streptococcus	halitosis	1880676	100.0		1850	Streptococcus halitosis
GCF_001598035.1	Streptococcus	halotolerans	2182100	97.97	0.77	2046	Streptococcus halotolerans
GCF_900104235.1	Streptococcus	henryi	2429275	99.81	0.84	2386	Streptococcus henryi
GCF_003686955.1	Streptococcus	hillyeri	2147614	98.97	0.08	2094	Streptococcus hillyeri
GCF_001708305.1	Streptococcus	himalayensis	2275471	99.77	0.26	2160	Streptococcus himalayensis
GCF_014287335.1	Streptococcus	hominis	1846156	97.15	0.1	1871	Streptococcus hominis
GCF_019448275.1	Streptococcus	humanilactis	2027143	98.54	0.32	1998	Streptococcus humanilactis
GCF_900459405.1	Streptococcus	hyointestinalis	2553358	99.6	0.39	2595	Streptococcus hyointestinalis
GCF_000420785.1	Streptococcus	hyovaginalis	2077809	99.87		2088	Streptococcus hyovaginalis
GCF_000188015.2	Streptococcus	ictaluri	2234402	97.94		2336	Streptococcus ictaluri
GCF_003438245.1	Streptococcus	ilei	1965871	100.0		1872	Streptococcus ilei
GCF_016127275.1	Streptococcus	infantarius	1958742	97.0	1.18	2032	Streptococcus infantarius
GCF_000187465.1	Streptococcus	infantis	1905984	99.19	0.48	1947	Streptococcus infantis
GCF_000300915.1	Streptococcus	iniae	2078360	98.78		2002	Streptococcus iniae
GCF_900475975.1	Streptococcus	intermedius	1932951	99.32	0.14	1921	Streptococcus intermedius
GCF_003627135.1	Streptococcus	koreensis	2009598	100.0	0.19	1936	Streptococcus koreensis
GCF_018127725.1	Streptococcus	lactarius	2144372	99.81	0.27	2067	Streptococcus lactarius
GCF_016908645.1	Streptococcus	loxodontisalivarius	2226923	97.88	0.13	2125	Streptococcus loxodontisalivarius
GCF_900475675.1	Streptococcus	lutetiensis	1793521	99.49	0.06	1823	Streptococcus lutetiensis
GCF_900459485.1	Streptococcus	macacae	1930691	99.2		1918	Streptococcus macacae
GCF_002860805.1	Streptococcus	macedonicus	2163740	99.61		2236	Streptococcus macedonicus
GCF_000380045.1	Streptococcus	marimammalium	1505444	97.94	0.64	1492	Streptococcus marimammalium
GCF_001623565.1	Streptococcus	marmotae	2322791	98.62	0.39	2279	Streptococcus marmotae
GCF_900459365.1	Streptococcus	massiliensis	2033868	99.42	1.67	2054	Streptococcus massiliensis
GCF_900187085.1	Streptococcus	merionis	2384128	99.54	0.39	2221	Streptococcus merionis
GCF_000377005.1	Streptococcus	minor	1927889	99.49	0.39	1967	Streptococcus minor
GCF_000960005.1	Streptococcus	mitis	1915198	99.72	0.42	1918	Streptococcus mitis
GCF_009738105.1	Streptococcus	mutans	2028032	98.74	0.49	2002	Streptococcus mutans
GCF_900637025.1	Streptococcus	oralis	1931548	99.32	0.09	1868	Streptococcus oralis
GCF_017883985.1	Streptococcus	oricebi	2141351	97.33	0.1	2099	Streptococcus oricebi
GCF_001431045.1	Streptococcus	orisasini	2299160	99.9	0.12	2197	Streptococcus orisasini
GCF_018137985.1	Streptococcus	oriscaviae	2197335	98.84		2206	Streptococcus oriscaviae
GCF_000380105.1	Streptococcus	orisratti	2416134	99.87	0.4	2423	Streptococcus orisratti
GCF_000380125.1	Streptococcus	ovis	2358538	99.87	0.58	2421	Streptococcus ovis
GCF_012396585.1	Streptococcus	ovuberis	2467419	96.74	0.5	2368	Streptococcus ovuberis
GCF_016481305.1	Streptococcus	pacificus	1656080	96.86	0.06	1574	Streptococcus pacificus
GCF_017884005.1	Streptococcus	panodentis	2783954	97.08		2659	Streptococcus panodentis
GCF_001642085.1	Streptococcus	pantholopis	2241302	99.23	0.26	2114	Streptococcus pantholopis
GCF_900459355.1	Streptococcus	parasanguinis	2170501	99.49	0.25	2062	Streptococcus parasanguinis
GCF_021654455.1	Streptococcus	parasuis	2197342	99.61	0.77	2205	Streptococcus parasuis
GCF_002900385.1	Streptococcus	parauberis	2152278	98.62	1.22	2217	Streptococcus parauberis
GCF_004843545.1	Streptococcus	pasteurianus	2149841	100.0	0.1	2191	Streptococcus pasteurianus
GCF_002887775.1	Streptococcus	penaeicida	2051969	85.55	0.71	2134	Streptococcus penaeicida
GCF_003963555.1	Streptococcus	periodonticum	1903815	99.87	0.68	1875	Streptococcus periodonticum
GCF_000187585.1	Streptococcus	peroris	1639920	99.74		1652	Streptococcus peroris
GCF_001302265.1	Streptococcus	phocae	1700082	99.23		1763	Streptococcus phocae
GCF_002953735.1	Streptococcus	pluranimalium	2065522	98.92		2076	Streptococcus pluranimalium
GCF_000423745.1	Streptococcus	plurextorum	2103464	98.97	1.22	2137	Streptococcus plurextorum
GCF_002076835.1	Streptococcus	pneumoniae	2154362	99.4	0.31	2172	Streptococcus pneumoniae
GCF_000423765.1	Streptococcus	porci	2290936	100.0	0.24	2338	Streptococcus porci
GCF_901553735.1	Streptococcus	porcinus	1954699	98.71		1923	Streptococcus porcinus
GCF_000221985.1	Streptococcus	pseudopneumoniae	2195458	98.19	0.72	2304	Streptococcus pseudopneumoniae
GCF_900637075.1	Streptococcus	pseudoporcinus	2156061	95.84	1.74	2091	Streptococcus pseudoporcinus
GCF_900475035.1	Streptococcus	pyogenes	1746380	98.95	0.4	1726	Streptococcus pyogenes
GCF_008803015.1	Streptococcus	ratti	2096943	99.74	0.22	2072	Streptococcus ratti
GCF_003595525.1	Streptococcus	respiraculi	2067971	100.0	0.97	1994	Streptococcus respiraculi
GCF_004785935.1	Streptococcus	rubneri	2160087	100.0		2036	Streptococcus rubneri
GCF_003609975.1	Streptococcus	ruminantium	2090539	99.74		1946	Streptococcus ruminantium
GCF_009755785.1	Streptococcus	ruminicola	1905827	100.0		1892	Streptococcus ruminicola
GCF_902858935.1	Streptococcus	salivarius	2185075	98.89	0.74	2035	Streptococcus salivarius
GCF_016908655.1	Streptococcus	saliviloxodontae	2051957	97.57	0.77	1959	Streptococcus saliviloxodontae
GCF_000191105.1	Streptococcus	sanguinis	2298289	99.6	0.15	2256	Streptococcus sanguinis
GCF_006385785.1	Streptococcus	shenyangsis	2023003	99.9		1943	Streptococcus shenyangsis
GCF_000767835.1	Streptococcus	sinensis	2061843	99.15	0.13	2039	Streptococcus sinensis
GCF_003172975.1	Streptococcus	sobrinus	2145290	99.23	0.26	2069	Streptococcus sobrinus
GCF_000026745.1	Streptococcus	suis	2170808	99.91	0.09	2135	Streptococcus suis
GCF_006385165.1	Streptococcus	symci	2189419	98.3	16.28	2093	Streptococcus symci
GCF_903886475.1	Streptococcus	thermophilus	1791634	96.32	0.68	1857	Streptococcus thermophilus
GCF_000380145.1	Streptococcus	thoraltensis	2385218	99.03	0.45	2249	Streptococcus thoraltensis
GCF_900095845.1	Streptococcus	timonensis	1925331	99.71		2081	Streptococcus timonensis
GCF_024346585.1	Streptococcus	toyakuensis	2055023	99.85		2046	Streptococcus toyakuensis
GCF_002355215.1	Streptococcus	troglodytae	2097874	87.06	0.26	2083	Streptococcus troglodytae
GCF_900460135.1	Streptococcus	uberis	1942125	100.0		1939	Streptococcus uberis
GCF_900636885.1	Streptococcus	urinalis	2144000	95.59	0.32	2236	Streptococcus urinalis
GCF_017315345.1	Streptococcus	vaginalis	2091763	96.48	0.9	2151	Streptococcus vaginalis
GCF_001375655.1	Streptococcus	varani	2460376	100.0	0.53	2481	Streptococcus varani
GCF_001657915.1	Streptococcus	vestibularis	1882671	99.77		1921	Streptococcus vestibularis
GCF_016461705.1	Streptococcus	vicugnae	1906993	97.81		1942	Streptococcus vicugnae
GCF_019218685.1	Streptococcus	vulneris	1963039	98.04	0.58	1919	Streptococcus vulneris
GCF_006385805.1	Streptococcus	xiaochunlingii	1950659	99.42	0.19	1930	Streptococcus xiaochunlingii
GCF_024742095.1	Streptococcus	zalophi	1606394	98.42	0.45	1535	Streptococcus zalophi
GCF_003546865.1	Suicoccus	acidiformans	2572159	99.49	1.01	2429	Suicoccus acidiformans
GCF_001712815.1	Tetragenococcus	halophilus	2389470	95.75	6.33	2341	Tetragenococcus halophilus
GCF_003795145.1	Tetragenococcus	koreensis	2732026	90.3	8.6	2646	Tetragenococcus koreensis
GCF_000423785.1	Tetragenococcus	muriaticus	2081554	97.4	1.13	2120	Tetragenococcus muriaticus
GCF_003795125.1	Tetragenococcus	osmophilus	2384293	88.96	7.59	2297	Tetragenococcus osmophilus
GCF_001544195.1	Tetragenococcus	solitarius	2513646	90.03	11.84	2476	Tetragenococcus solitarius
GCF_003008695.1	Trichococcus	alkaliphilus	2964741	95.43	4.46	2705	Trichococcus alkaliphilus
GCF_900067155.1	Trichococcus	collinsii	3288692	97.39	5.77	3146	Trichococcus collinsii
GCF_900113645.1	Trichococcus	flocculiformis	2978824	97.97	5.94	2910	Trichococcus flocculiformis
GCF_900109135.1	Trichococcus	ilyis	3090512	97.46	5.55	2874	Trichococcus ilyis
GCF_003052295.1	Trichococcus	paludicola	1935222	73.22	1.58	1785	Trichococcus paludicola
GCF_900067125.1	Trichococcus	palustris	2955657	96.7	3.85	2815	Trichococcus palustris
GCF_900079135.1	Trichococcus	pasteurii	3234289	97.36	4.88	3069	Trichococcus pasteurii
GCF_003051085.1	Trichococcus	patagoniensis	3102817	96.95	5.98	2813	Trichococcus patagoniensis
GCF_006370295.1	Trichococcus	shcherbakoviae	3134598	94.92	5.39	2932	Trichococcus shcherbakoviae
GCF_900604935.1	Vaginisenegalia	massiliensis	1754973	98.08	2.24	1694	Vaginisenegalia massiliensis
GCF_003987655.1	Vagococcus	acidifermentans	2862533	97.79	3.53	2820	Vagococcus acidifermentans
GCF_017829975.1	Vagococcus	allomyrinae	5705793	91.27	7.82	5403	Vagococcus allomyrinae
GCF_003950315.1	Vagococcus	bubulae	2499339	97.2	2.04	2463	Vagococcus bubulae
GCF_014397115.1	Vagococcus	carniphilus	3128613	96.79	6.26	3059	Vagococcus carniphilus
GCF_011303955.1	Vagococcus	coleopterorum	1530734	88.96	1.7	1526	Vagococcus coleopterorum
GCF_003987645.1	Vagococcus	elongatus	2879210	98.01	5.22	2746	Vagococcus elongatus
GCF_003987595.1	Vagococcus	entomophilus	2444868	98.63	1.83	2365	Vagococcus entomophilus
GCF_003987565.1	Vagococcus	fessus	2257832	95.69	3.09	2199	Vagococcus fessus
GCF_020628455.1	Vagococcus	fluvialis	2886743	97.92	5.05	2945	Vagococcus fluvialis
GCF_003950325.1	Vagococcus	humatus	2096134	97.23	4.54	2058	Vagococcus humatus
GCF_011304195.1	Vagococcus	hydrophili	3045783	94.89	4.88	2984	Vagococcus hydrophili
GCF_029144185.1	Vagococcus	intermedius	2300692	95.35	5.59	2197	Vagococcus intermedius
GCF_024637875.1	Vagococcus	luciliae	2150567	97.57	1.56	2094	Vagococcus luciliae
GCF_023299185.1	Vagococcus	lutrae	2081978	95.13	3.1	2010	Vagococcus lutrae
GCF_002026305.1	Vagococcus	martis	2561923	97.64	1.33	2500	Vagococcus martis
GCF_003987515.1	Vagococcus	penaei	2336491	97.57	1.46	2268	Vagococcus penaei
GCF_029143285.1	Vagococcus	proximus	2350491	89.14	2.17	2269	Vagococcus proximus
GCF_003987495.1	Vagococcus	salmoninarum	3104446	97.46	3.98	2971	Vagococcus salmoninarum
GCF_004795745.1	Vagococcus	silagei	2525732	96.52	1.68	2512	Vagococcus silagei
GCF_001870205.1	Vagococcus	teuberi	2184285	96.74	0.94	2192	Vagococcus teuberi
GCF_003950515.1	Vagococcus	vulneris	2347966	97.79	2.36	2343	Vagococcus vulneris
GCF_004792515.1	Vagococcus	xieshaowenii	2071287	95.47	1.32	2027	Vagococcus xieshaowenii
GCF_005145005.1	Vagococcus	zengguangii	2190262	96.22	0.94	2088	Vagococcus zengguangii
GCF_900094835.1	Weissella	bombi	1820901	97.95	0.15	1830	Weissella bombi
GCF_018394055.1	Weissella	ceti	1505791	98.14	0.09	1575	Weissella ceti
GCF_001951095.1	Weissella	cibaria	2363492	98.77		2237	Weissella cibaria
GCF_011304355.1	Weissella	coleopterorum	1618880	95.22	1.95	1643	Weissella coleopterorum
GCF_004771075.1	Weissella	confusa	2216758	98.14		2101	Weissella confusa
GCF_014397255.1	Weissella	diestrammenae	1659381	95.76	1.66	1651	Weissella diestrammenae
GCF_025460865.1	Weissella	fangxianensis	1969164	95.99	2.06	2043	Weissella fangxianensis
GCF_000420365.1	Weissella	halotolerans	1358385	98.28		1386	Weissella halotolerans
GCF_012396435.1	Weissella	hellenica	1818703	95.86	0.26	1818	Weissella hellenica
GCF_001932615.1	Weissella	jogaejeotgali	2149545	98.57	0.8	2161	Weissella jogaejeotgali
GCF_001438705.1	Weissella	kandleri	1334438	97.53	0.07	1311	Weissella kandleri
GCF_000219805.1	Weissella	koreensis	1441470	98.03		1421	Weissella koreensis
GCF_001437425.1	Weissella	minor	1768499	98.63	1.63	1863	Weissella minor
GCF_008107635.1	Weissella	muntiaci	2288705	97.53	3.76	2356	Weissella muntiaci
GCF_000691805.2	Weissella	oryzae	2129476	97.53	1.2	2258	Weissella oryzae
GCF_015689215.1	Weissella	paramesenteroides	2052536	98.77	0.11	2066	Weissella paramesenteroides
GCF_010306265.1	Weissella	sagaensis	1867525	97.99	0.31	1866	Weissella sagaensis
GCF_001761545.1	Weissella	soli	1683184	97.91	2.0	1634	Weissella soli
GCF_005405465.1	Weissella	thailandensis	1974613	97.4	1.58	2041	Weissella thailandensis
GCF_018502505.1	Weissella	tructae	1386044	98.77	0.29	1408	Weissella tructae
GCF_016908785.1	Weissella	uvarum	1680010	95.58	1.26	1737	Weissella uvarum
GCF_003862435.1	Weissella	viridescens	1612814	95.65	1.62	1684	Weissella viridescens
